queue_type,consumer_id,sample_idx,latency_us
mutex,0,0,3.000000
mutex,0,1,0.000000
mutex,0,2,1.000000
mutex,0,3,1.000000
mutex,0,4,1.000000
mutex,0,5,1.000000
mutex,0,6,0.000000
mutex,0,7,1.000000
mutex,0,8,0.000000
mutex,0,9,0.000000
mutex,0,10,1.000000
mutex,0,11,0.000000
mutex,0,12,0.000000
mutex,0,13,1.000000
mutex,0,14,1.000000
mutex,0,15,0.000000
mutex,0,16,0.000000
mutex,0,17,1.000000
mutex,0,18,11.000000
mutex,0,19,0.000000
mutex,0,20,0.000000
mutex,0,21,6.000000
mutex,0,22,0.000000
mutex,0,23,1.000000
mutex,0,24,2.000000
mutex,0,25,0.000000
mutex,0,26,0.000000
mutex,0,27,1.000000
mutex,0,28,0.000000
mutex,0,29,0.000000
mutex,0,30,1.000000
mutex,0,31,1.000000
mutex,0,32,0.000000
mutex,0,33,1.000000
mutex,0,34,6.000000
mutex,0,35,21.000000
mutex,0,36,0.000000
mutex,0,37,0.000000
mutex,0,38,0.000000
mutex,0,39,0.000000
mutex,0,40,0.000000
mutex,0,41,1.000000
mutex,0,42,0.000000
mutex,0,43,0.000000
mutex,0,44,0.000000
mutex,0,45,0.000000
mutex,0,46,0.000000
mutex,0,47,1.000000
mutex,0,48,0.000000
mutex,0,49,0.000000
mutex,0,50,0.000000
mutex,0,51,0.000000
mutex,0,52,0.000000
mutex,0,53,0.000000
mutex,0,54,0.000000
mutex,0,55,0.000000
mutex,0,56,0.000000
mutex,0,57,0.000000
mutex,0,58,1.000000
mutex,0,59,0.000000
mutex,0,60,0.000000
mutex,0,61,1.000000
mutex,0,62,0.000000
mutex,0,63,0.000000
mutex,0,64,1.000000
mutex,0,65,1.000000
mutex,0,66,0.000000
mutex,0,67,0.000000
mutex,0,68,0.000000
mutex,0,69,0.000000
mutex,0,70,1.000000
mutex,0,71,0.000000
mutex,0,72,0.000000
mutex,0,73,0.000000
mutex,0,74,0.000000
mutex,0,75,43.000000
mutex,0,76,0.000000
mutex,0,77,0.000000
mutex,0,78,0.000000
mutex,0,79,1.000000
mutex,0,80,0.000000
mutex,0,81,0.000000
mutex,0,82,0.000000
mutex,0,83,0.000000
mutex,0,84,0.000000
mutex,0,85,1.000000
mutex,0,86,0.000000
mutex,0,87,0.000000
mutex,0,88,0.000000
mutex,0,89,0.000000
mutex,0,90,0.000000
mutex,0,91,11.000000
mutex,0,92,0.000000
mutex,0,93,4.000000
mutex,0,94,0.000000
mutex,0,95,4.000000
mutex,0,96,0.000000
mutex,0,97,1.000000
mutex,0,98,1.000000
mutex,0,99,1.000000
mutex,0,100,1.000000
mutex,0,101,1.000000
mutex,0,102,0.000000
mutex,0,103,1.000000
mutex,0,104,0.000000
mutex,0,105,48.000000
mutex,0,106,0.000000
mutex,0,107,0.000000
mutex,0,108,1.000000
mutex,0,109,0.000000
mutex,0,110,1.000000
mutex,0,111,49.000000
mutex,0,112,1.000000
mutex,0,113,0.000000
mutex,0,114,1.000000
mutex,0,115,1.000000
mutex,0,116,4.000000
mutex,0,117,52.000000
mutex,0,118,0.000000
mutex,0,119,1.000000
mutex,0,120,1.000000
mutex,0,121,0.000000
mutex,0,122,1.000000
mutex,0,123,1.000000
mutex,0,124,1.000000
mutex,0,125,1.000000
mutex,0,126,2.000000
mutex,0,127,0.000000
mutex,0,128,1.000000
mutex,0,129,1.000000
mutex,0,130,3.000000
mutex,0,131,2.000000
mutex,0,132,1.000000
mutex,0,133,0.000000
mutex,0,134,0.000000
mutex,0,135,0.000000
mutex,0,136,1.000000
mutex,0,137,0.000000
mutex,0,138,0.000000
mutex,0,139,1.000000
mutex,0,140,0.000000
mutex,0,141,1.000000
mutex,0,142,1.000000
mutex,0,143,10.000000
mutex,0,144,0.000000
mutex,0,145,0.000000
mutex,0,146,1.000000
mutex,0,147,1.000000
mutex,0,148,1.000000
mutex,0,149,0.000000
mutex,0,150,1.000000
mutex,0,151,0.000000
mutex,0,152,1.000000
mutex,0,153,1.000000
mutex,0,154,0.000000
mutex,0,155,1.000000
mutex,0,156,0.000000
mutex,0,157,1.000000
mutex,0,158,1.000000
mutex,0,159,3.000000
mutex,0,160,1.000000
mutex,0,161,1.000000
mutex,0,162,0.000000
mutex,0,163,0.000000
mutex,0,164,1.000000
mutex,0,165,1.000000
mutex,0,166,1.000000
mutex,0,167,0.000000
mutex,0,168,1.000000
mutex,0,169,1.000000
mutex,0,170,0.000000
mutex,0,171,1.000000
mutex,0,172,2.000000
mutex,0,173,142.000000
mutex,0,174,155.000000
mutex,0,175,0.000000
mutex,0,176,0.000000
mutex,0,177,0.000000
mutex,0,178,0.000000
mutex,0,179,0.000000
mutex,0,180,0.000000
mutex,0,181,0.000000
mutex,0,182,0.000000
mutex,0,183,0.000000
mutex,0,184,0.000000
mutex,0,185,0.000000
mutex,0,186,1.000000
mutex,0,187,1.000000
mutex,0,188,0.000000
mutex,0,189,0.000000
mutex,0,190,1.000000
mutex,0,191,0.000000
mutex,0,192,0.000000
mutex,0,193,0.000000
mutex,0,194,1.000000
mutex,0,195,0.000000
mutex,0,196,0.000000
mutex,0,197,0.000000
mutex,0,198,0.000000
mutex,0,199,0.000000
mutex,0,200,1.000000
mutex,0,201,1.000000
mutex,0,202,0.000000
mutex,0,203,1.000000
mutex,0,204,1.000000
mutex,0,205,0.000000
mutex,0,206,1.000000
mutex,0,207,1.000000
mutex,0,208,0.000000
mutex,0,209,1.000000
mutex,0,210,0.000000
mutex,0,211,0.000000
mutex,0,212,1.000000
mutex,0,213,1.000000
mutex,0,214,1.000000
mutex,0,215,0.000000
mutex,0,216,1.000000
mutex,0,217,0.000000
mutex,0,218,1.000000
mutex,0,219,0.000000
mutex,0,220,0.000000
mutex,0,221,1.000000
mutex,0,222,0.000000
mutex,0,223,0.000000
mutex,0,224,0.000000
mutex,0,225,1.000000
mutex,0,226,0.000000
mutex,0,227,0.000000
mutex,0,228,7.000000
mutex,0,229,0.000000
mutex,0,230,1.000000
mutex,0,231,0.000000
mutex,0,232,0.000000
mutex,0,233,212.000000
mutex,0,234,1.000000
mutex,0,235,0.000000
mutex,0,236,1.000000
mutex,0,237,10.000000
mutex,0,238,1.000000
mutex,0,239,4.000000
mutex,0,240,0.000000
mutex,0,241,0.000000
mutex,0,242,13.000000
mutex,0,243,1.000000
mutex,0,244,0.000000
mutex,0,245,9.000000
mutex,0,246,1.000000
mutex,0,247,0.000000
mutex,0,248,1.000000
mutex,0,249,9.000000
mutex,0,250,0.000000
mutex,0,251,0.000000
mutex,0,252,1.000000
mutex,0,253,0.000000
mutex,0,254,0.000000
mutex,0,255,0.000000
mutex,0,256,0.000000
mutex,0,257,0.000000
mutex,0,258,1.000000
mutex,0,259,0.000000
mutex,0,260,0.000000
mutex,0,261,1.000000
mutex,0,262,1.000000
mutex,0,263,0.000000
mutex,0,264,2.000000
mutex,0,265,8.000000
mutex,0,266,0.000000
mutex,0,267,0.000000
mutex,0,268,10.000000
mutex,0,269,32.000000
mutex,0,270,1.000000
mutex,0,271,0.000000
mutex,0,272,0.000000
mutex,0,273,0.000000
mutex,0,274,1.000000
mutex,0,275,12.000000
mutex,0,276,1.000000
mutex,0,277,1.000000
mutex,0,278,0.000000
mutex,0,279,2.000000
mutex,0,280,0.000000
mutex,0,281,0.000000
mutex,0,282,1.000000
mutex,0,283,0.000000
mutex,0,284,17.000000
mutex,0,285,0.000000
mutex,0,286,0.000000
mutex,0,287,1.000000
mutex,0,288,1.000000
mutex,0,289,1.000000
mutex,0,290,0.000000
mutex,0,291,1.000000
mutex,0,292,0.000000
mutex,0,293,0.000000
mutex,0,294,0.000000
mutex,0,295,0.000000
mutex,0,296,0.000000
mutex,0,297,0.000000
mutex,0,298,0.000000
mutex,0,299,0.000000
mutex,0,300,0.000000
mutex,0,301,0.000000
mutex,0,302,0.000000
mutex,0,303,0.000000
mutex,0,304,1.000000
mutex,0,305,0.000000
mutex,0,306,0.000000
mutex,0,307,1.000000
mutex,0,308,0.000000
mutex,0,309,1.000000
mutex,0,310,1.000000
mutex,0,311,0.000000
mutex,0,312,1.000000
mutex,0,313,1.000000
mutex,0,314,0.000000
mutex,0,315,1.000000
mutex,0,316,0.000000
mutex,0,317,1.000000
mutex,0,318,0.000000
mutex,0,319,1.000000
mutex,0,320,0.000000
mutex,0,321,3.000000
mutex,0,322,0.000000
mutex,0,323,1.000000
mutex,0,324,13.000000
mutex,0,325,0.000000
mutex,0,326,1.000000
mutex,0,327,0.000000
mutex,0,328,1.000000
mutex,0,329,1.000000
mutex,0,330,0.000000
mutex,0,331,1.000000
mutex,0,332,2.000000
mutex,0,333,0.000000
mutex,0,334,0.000000
mutex,0,335,1.000000
mutex,0,336,0.000000
mutex,0,337,1.000000
mutex,0,338,1.000000
mutex,0,339,0.000000
mutex,0,340,1.000000
mutex,0,341,0.000000
mutex,0,342,2.000000
mutex,0,343,1.000000
mutex,0,344,0.000000
mutex,0,345,2.000000
mutex,0,346,3.000000
mutex,0,347,0.000000
mutex,0,348,4.000000
mutex,0,349,0.000000
mutex,0,350,1.000000
mutex,0,351,1.000000
mutex,0,352,1.000000
mutex,0,353,0.000000
mutex,0,354,0.000000
mutex,0,355,0.000000
mutex,0,356,0.000000
mutex,0,357,0.000000
mutex,0,358,0.000000
mutex,0,359,0.000000
mutex,0,360,1.000000
mutex,0,361,0.000000
mutex,0,362,1.000000
mutex,0,363,1.000000
mutex,0,364,44.000000
mutex,0,365,0.000000
mutex,0,366,1.000000
mutex,0,367,0.000000
mutex,0,368,1.000000
mutex,0,369,2.000000
mutex,0,370,1.000000
mutex,0,371,0.000000
mutex,0,372,10.000000
mutex,0,373,0.000000
mutex,0,374,1.000000
mutex,0,375,1.000000
mutex,0,376,1.000000
mutex,0,377,1.000000
mutex,0,378,0.000000
mutex,0,379,0.000000
mutex,0,380,1.000000
mutex,0,381,0.000000
mutex,0,382,1.000000
mutex,0,383,0.000000
mutex,0,384,1.000000
mutex,0,385,29.000000
mutex,0,386,1.000000
mutex,0,387,0.000000
mutex,0,388,0.000000
mutex,0,389,28.000000
mutex,0,390,1.000000
mutex,0,391,1.000000
mutex,0,392,0.000000
mutex,0,393,1.000000
mutex,0,394,0.000000
mutex,0,395,1.000000
mutex,0,396,0.000000
mutex,0,397,0.000000
mutex,0,398,1.000000
mutex,0,399,15.000000
mutex,0,400,0.000000
mutex,0,401,0.000000
mutex,0,402,1.000000
mutex,0,403,1.000000
mutex,0,404,0.000000
mutex,0,405,6.000000
mutex,0,406,35.000000
mutex,0,407,0.000000
mutex,0,408,0.000000
mutex,0,409,0.000000
mutex,0,410,0.000000
mutex,0,411,1.000000
mutex,0,412,0.000000
mutex,0,413,0.000000
mutex,0,414,4.000000
mutex,0,415,0.000000
mutex,0,416,1.000000
mutex,0,417,0.000000
mutex,0,418,1.000000
mutex,0,419,0.000000
mutex,0,420,0.000000
mutex,0,421,1.000000
mutex,0,422,0.000000
mutex,0,423,1.000000
mutex,0,424,0.000000
mutex,0,425,1.000000
mutex,0,426,0.000000
mutex,0,427,37.000000
mutex,0,428,0.000000
mutex,0,429,1.000000
mutex,0,430,0.000000
mutex,0,431,0.000000
mutex,0,432,0.000000
mutex,0,433,0.000000
mutex,0,434,0.000000
mutex,0,435,0.000000
mutex,0,436,0.000000
mutex,0,437,0.000000
mutex,0,438,0.000000
mutex,0,439,0.000000
mutex,0,440,0.000000
mutex,0,441,0.000000
mutex,0,442,0.000000
mutex,0,443,0.000000
mutex,0,444,0.000000
mutex,0,445,0.000000
mutex,0,446,0.000000
mutex,0,447,0.000000
mutex,0,448,1.000000
mutex,0,449,0.000000
mutex,0,450,0.000000
mutex,0,451,0.000000
mutex,0,452,0.000000
mutex,0,453,0.000000
mutex,0,454,1.000000
mutex,0,455,0.000000
mutex,0,456,0.000000
mutex,0,457,0.000000
mutex,0,458,0.000000
mutex,0,459,0.000000
mutex,0,460,1.000000
mutex,0,461,0.000000
mutex,0,462,0.000000
mutex,0,463,0.000000
mutex,0,464,0.000000
mutex,0,465,0.000000
mutex,0,466,1.000000
mutex,0,467,0.000000
mutex,0,468,0.000000
mutex,0,469,0.000000
mutex,0,470,0.000000
mutex,0,471,1.000000
mutex,0,472,0.000000
mutex,0,473,1.000000
mutex,0,474,0.000000
mutex,0,475,0.000000
mutex,0,476,1.000000
mutex,0,477,0.000000
mutex,0,478,0.000000
mutex,0,479,1.000000
mutex,0,480,11.000000
mutex,0,481,1.000000
mutex,0,482,1.000000
mutex,0,483,2.000000
mutex,0,484,0.000000
mutex,0,485,2.000000
mutex,0,486,0.000000
mutex,0,487,0.000000
mutex,0,488,14.000000
mutex,0,489,0.000000
mutex,0,490,0.000000
mutex,0,491,1.000000
mutex,0,492,0.000000
mutex,0,493,0.000000
mutex,0,494,0.000000
mutex,0,495,0.000000
mutex,0,496,0.000000
mutex,0,497,1.000000
mutex,0,498,0.000000
mutex,0,499,0.000000
mutex,1,0,2.000000
mutex,1,1,0.000000
mutex,1,2,0.000000
mutex,1,3,1.000000
mutex,1,4,0.000000
mutex,1,5,0.000000
mutex,1,6,0.000000
mutex,1,7,0.000000
mutex,1,8,0.000000
mutex,1,9,1.000000
mutex,1,10,0.000000
mutex,1,11,0.000000
mutex,1,12,0.000000
mutex,1,13,0.000000
mutex,1,14,0.000000
mutex,1,15,0.000000
mutex,1,16,0.000000
mutex,1,17,0.000000
mutex,1,18,0.000000
mutex,1,19,0.000000
mutex,1,20,0.000000
mutex,1,21,0.000000
mutex,1,22,1.000000
mutex,1,23,0.000000
mutex,1,24,0.000000
mutex,1,25,0.000000
mutex,1,26,0.000000
mutex,1,27,0.000000
mutex,1,28,1.000000
mutex,1,29,0.000000
mutex,1,30,0.000000
mutex,1,31,0.000000
mutex,1,32,1.000000
mutex,1,33,0.000000
mutex,1,34,1.000000
mutex,1,35,0.000000
mutex,1,36,1.000000
mutex,1,37,1.000000
mutex,1,38,1.000000
mutex,1,39,0.000000
mutex,1,40,0.000000
mutex,1,41,1.000000
mutex,1,42,0.000000
mutex,1,43,0.000000
mutex,1,44,1.000000
mutex,1,45,0.000000
mutex,1,46,1.000000
mutex,1,47,0.000000
mutex,1,48,1.000000
mutex,1,49,1.000000
mutex,1,50,1.000000
mutex,1,51,5.000000
mutex,1,52,0.000000
mutex,1,53,1.000000
mutex,1,54,1.000000
mutex,1,55,0.000000
mutex,1,56,84.000000
mutex,1,57,0.000000
mutex,1,58,0.000000
mutex,1,59,0.000000
mutex,1,60,0.000000
mutex,1,61,0.000000
mutex,1,62,1.000000
mutex,1,63,0.000000
mutex,1,64,0.000000
mutex,1,65,0.000000
mutex,1,66,1.000000
mutex,1,67,6.000000
mutex,1,68,1.000000
mutex,1,69,0.000000
mutex,1,70,0.000000
mutex,1,71,0.000000
mutex,1,72,0.000000
mutex,1,73,1.000000
mutex,1,74,0.000000
mutex,1,75,1.000000
mutex,1,76,1.000000
mutex,1,77,1.000000
mutex,1,78,0.000000
mutex,1,79,1.000000
mutex,1,80,1.000000
mutex,1,81,1.000000
mutex,1,82,0.000000
mutex,1,83,0.000000
mutex,1,84,1.000000
mutex,1,85,0.000000
mutex,1,86,1.000000
mutex,1,87,1.000000
mutex,1,88,1.000000
mutex,1,89,0.000000
mutex,1,90,0.000000
mutex,1,91,1.000000
mutex,1,92,1.000000
mutex,1,93,0.000000
mutex,1,94,0.000000
mutex,1,95,1.000000
mutex,1,96,1.000000
mutex,1,97,0.000000
mutex,1,98,0.000000
mutex,1,99,2.000000
mutex,1,100,0.000000
mutex,1,101,0.000000
mutex,1,102,0.000000
mutex,1,103,1.000000
mutex,1,104,0.000000
mutex,1,105,0.000000
mutex,1,106,0.000000
mutex,1,107,35.000000
mutex,1,108,1.000000
mutex,1,109,0.000000
mutex,1,110,0.000000
mutex,1,111,1.000000
mutex,1,112,0.000000
mutex,1,113,31.000000
mutex,1,114,7.000000
mutex,1,115,1.000000
mutex,1,116,0.000000
mutex,1,117,1.000000
mutex,1,118,0.000000
mutex,1,119,1.000000
mutex,1,120,1.000000
mutex,1,121,1.000000
mutex,1,122,1.000000
mutex,1,123,1.000000
mutex,1,124,1.000000
mutex,1,125,1.000000
mutex,1,126,1.000000
mutex,1,127,15.000000
mutex,1,128,52.000000
mutex,1,129,1.000000
mutex,1,130,1.000000
mutex,1,131,0.000000
mutex,1,132,1.000000
mutex,1,133,0.000000
mutex,1,134,1.000000
mutex,1,135,0.000000
mutex,1,136,1.000000
mutex,1,137,1.000000
mutex,1,138,0.000000
mutex,1,139,6.000000
mutex,1,140,0.000000
mutex,1,141,38.000000
mutex,1,142,0.000000
mutex,1,143,57.000000
mutex,1,144,91.000000
mutex,1,145,144.000000
mutex,1,146,0.000000
mutex,1,147,0.000000
mutex,1,148,0.000000
mutex,1,149,0.000000
mutex,1,150,1.000000
mutex,1,151,0.000000
mutex,1,152,0.000000
mutex,1,153,19.000000
mutex,1,154,0.000000
mutex,1,155,1.000000
mutex,1,156,0.000000
mutex,1,157,0.000000
mutex,1,158,1.000000
mutex,1,159,0.000000
mutex,1,160,1.000000
mutex,1,161,0.000000
mutex,1,162,1.000000
mutex,1,163,0.000000
mutex,1,164,0.000000
mutex,1,165,3.000000
mutex,1,166,1.000000
mutex,1,167,0.000000
mutex,1,168,1.000000
mutex,1,169,0.000000
mutex,1,170,1.000000
mutex,1,171,0.000000
mutex,1,172,0.000000
mutex,1,173,0.000000
mutex,1,174,0.000000
mutex,1,175,0.000000
mutex,1,176,0.000000
mutex,1,177,0.000000
mutex,1,178,1.000000
mutex,1,179,0.000000
mutex,1,180,0.000000
mutex,1,181,1.000000
mutex,1,182,0.000000
mutex,1,183,1.000000
mutex,1,184,2.000000
mutex,1,185,1.000000
mutex,1,186,2.000000
mutex,1,187,1.000000
mutex,1,188,209.000000
mutex,1,189,1.000000
mutex,1,190,0.000000
mutex,1,191,1.000000
mutex,1,192,0.000000
mutex,1,193,1.000000
mutex,1,194,1.000000
mutex,1,195,2.000000
mutex,1,196,1.000000
mutex,1,197,1.000000
mutex,1,198,0.000000
mutex,1,199,0.000000
mutex,1,200,0.000000
mutex,1,201,0.000000
mutex,1,202,1.000000
mutex,1,203,1.000000
mutex,1,204,1.000000
mutex,1,205,0.000000
mutex,1,206,0.000000
mutex,1,207,0.000000
mutex,1,208,0.000000
mutex,1,209,0.000000
mutex,1,210,0.000000
mutex,1,211,0.000000
mutex,1,212,2.000000
mutex,1,213,0.000000
mutex,1,214,0.000000
mutex,1,215,0.000000
mutex,1,216,0.000000
mutex,1,217,0.000000
mutex,1,218,1.000000
mutex,1,219,0.000000
mutex,1,220,0.000000
mutex,1,221,0.000000
mutex,1,222,0.000000
mutex,1,223,1.000000
mutex,1,224,0.000000
mutex,1,225,1.000000
mutex,1,226,1.000000
mutex,1,227,1.000000
mutex,1,228,0.000000
mutex,1,229,0.000000
mutex,1,230,1.000000
mutex,1,231,9.000000
mutex,1,232,2.000000
mutex,1,233,22.000000
mutex,1,234,0.000000
mutex,1,235,1.000000
mutex,1,236,1.000000
mutex,1,237,1.000000
mutex,1,238,1.000000
mutex,1,239,0.000000
mutex,1,240,1.000000
mutex,1,241,0.000000
mutex,1,242,0.000000
mutex,1,243,0.000000
mutex,1,244,0.000000
mutex,1,245,0.000000
mutex,1,246,1.000000
mutex,1,247,0.000000
mutex,1,248,0.000000
mutex,1,249,0.000000
mutex,1,250,0.000000
mutex,1,251,1.000000
mutex,1,252,0.000000
mutex,1,253,1.000000
mutex,1,254,1.000000
mutex,1,255,0.000000
mutex,1,256,3.000000
mutex,1,257,4.000000
mutex,1,258,1.000000
mutex,1,259,0.000000
mutex,1,260,2.000000
mutex,1,261,1.000000
mutex,1,262,0.000000
mutex,1,263,2.000000
mutex,1,264,0.000000
mutex,1,265,1.000000
mutex,1,266,0.000000
mutex,1,267,1.000000
mutex,1,268,0.000000
mutex,1,269,7.000000
mutex,1,270,0.000000
mutex,1,271,1.000000
mutex,1,272,0.000000
mutex,1,273,0.000000
mutex,1,274,1.000000
mutex,1,275,0.000000
mutex,1,276,3.000000
mutex,1,277,1.000000
mutex,1,278,0.000000
mutex,1,279,0.000000
mutex,1,280,1.000000
mutex,1,281,1.000000
mutex,1,282,19.000000
mutex,1,283,1.000000
mutex,1,284,0.000000
mutex,1,285,0.000000
mutex,1,286,1.000000
mutex,1,287,1.000000
mutex,1,288,0.000000
mutex,1,289,1.000000
mutex,1,290,1.000000
mutex,1,291,0.000000
mutex,1,292,0.000000
mutex,1,293,0.000000
mutex,1,294,0.000000
mutex,1,295,1.000000
mutex,1,296,1.000000
mutex,1,297,1.000000
mutex,1,298,0.000000
mutex,1,299,1.000000
mutex,1,300,0.000000
mutex,1,301,1.000000
mutex,1,302,1.000000
mutex,1,303,1.000000
mutex,1,304,1.000000
mutex,1,305,1.000000
mutex,1,306,3.000000
mutex,1,307,0.000000
mutex,1,308,6.000000
mutex,1,309,1.000000
mutex,1,310,0.000000
mutex,1,311,0.000000
mutex,1,312,1.000000
mutex,1,313,0.000000
mutex,1,314,1.000000
mutex,1,315,0.000000
mutex,1,316,1.000000
mutex,1,317,0.000000
mutex,1,318,1.000000
mutex,1,319,4.000000
mutex,1,320,0.000000
mutex,1,321,0.000000
mutex,1,322,10.000000
mutex,1,323,2.000000
mutex,1,324,0.000000
mutex,1,325,1.000000
mutex,1,326,0.000000
mutex,1,327,0.000000
mutex,1,328,0.000000
mutex,1,329,1.000000
mutex,1,330,1.000000
mutex,1,331,0.000000
mutex,1,332,13.000000
mutex,1,333,1.000000
mutex,1,334,0.000000
mutex,1,335,1.000000
mutex,1,336,2.000000
mutex,1,337,0.000000
mutex,1,338,0.000000
mutex,1,339,1.000000
mutex,1,340,0.000000
mutex,1,341,4.000000
mutex,1,342,0.000000
mutex,1,343,1.000000
mutex,1,344,1.000000
mutex,1,345,0.000000
mutex,1,346,1.000000
mutex,1,347,0.000000
mutex,1,348,1.000000
mutex,1,349,0.000000
mutex,1,350,0.000000
mutex,1,351,1.000000
mutex,1,352,1.000000
mutex,1,353,1.000000
mutex,1,354,0.000000
mutex,1,355,0.000000
mutex,1,356,7.000000
mutex,1,357,0.000000
mutex,1,358,1.000000
mutex,1,359,0.000000
mutex,1,360,0.000000
mutex,1,361,1.000000
mutex,1,362,53.000000
mutex,1,363,2.000000
mutex,1,364,1.000000
mutex,1,365,0.000000
mutex,1,366,1.000000
mutex,1,367,1.000000
mutex,1,368,1.000000
mutex,1,369,0.000000
mutex,1,370,1.000000
mutex,1,371,1.000000
mutex,1,372,0.000000
mutex,1,373,0.000000
mutex,1,374,0.000000
mutex,1,375,1.000000
mutex,1,376,2.000000
mutex,1,377,0.000000
mutex,1,378,0.000000
mutex,1,379,0.000000
mutex,1,380,1.000000
mutex,1,381,1.000000
mutex,1,382,0.000000
mutex,1,383,1.000000
mutex,1,384,0.000000
mutex,1,385,1.000000
mutex,1,386,1.000000
mutex,1,387,1.000000
mutex,1,388,0.000000
mutex,1,389,0.000000
mutex,1,390,1.000000
mutex,1,391,37.000000
mutex,1,392,0.000000
mutex,1,393,0.000000
mutex,1,394,0.000000
mutex,1,395,0.000000
mutex,1,396,0.000000
mutex,1,397,0.000000
mutex,1,398,0.000000
mutex,1,399,0.000000
mutex,1,400,0.000000
mutex,1,401,1.000000
mutex,1,402,0.000000
mutex,1,403,0.000000
mutex,1,404,0.000000
mutex,1,405,0.000000
mutex,1,406,0.000000
mutex,1,407,1.000000
mutex,1,408,0.000000
mutex,1,409,0.000000
mutex,1,410,0.000000
mutex,1,411,0.000000
mutex,1,412,0.000000
mutex,1,413,0.000000
mutex,1,414,0.000000
mutex,1,415,0.000000
mutex,1,416,0.000000
mutex,1,417,0.000000
mutex,1,418,0.000000
mutex,1,419,0.000000
mutex,1,420,1.000000
mutex,1,421,0.000000
mutex,1,422,0.000000
mutex,1,423,0.000000
mutex,1,424,0.000000
mutex,1,425,0.000000
mutex,1,426,1.000000
mutex,1,427,0.000000
mutex,1,428,0.000000
mutex,1,429,0.000000
mutex,1,430,0.000000
mutex,1,431,0.000000
mutex,1,432,0.000000
mutex,1,433,0.000000
mutex,1,434,0.000000
mutex,1,435,0.000000
mutex,1,436,0.000000
mutex,1,437,0.000000
mutex,1,438,0.000000
mutex,1,439,1.000000
mutex,1,440,0.000000
mutex,1,441,0.000000
mutex,1,442,0.000000
mutex,1,443,1.000000
mutex,1,444,0.000000
mutex,1,445,1.000000
mutex,1,446,0.000000
mutex,1,447,0.000000
mutex,1,448,1.000000
mutex,1,449,0.000000
mutex,1,450,1.000000
mutex,1,451,4.000000
mutex,1,452,0.000000
mutex,1,453,1.000000
mutex,1,454,1.000000
mutex,1,455,0.000000
mutex,1,456,20.000000
mutex,1,457,0.000000
mutex,1,458,0.000000
mutex,1,459,0.000000
mutex,1,460,0.000000
mutex,1,461,1.000000
mutex,1,462,0.000000
mutex,1,463,0.000000
mutex,1,464,2.000000
mutex,1,465,2.000000
mutex,1,466,36.000000
mutex,1,467,0.000000
mutex,1,468,1.000000
mutex,1,469,0.000000
mutex,1,470,65.000000
mutex,1,471,0.000000
mutex,1,472,0.000000
mutex,1,473,0.000000
mutex,1,474,0.000000
mutex,1,475,0.000000
mutex,1,476,1.000000
mutex,1,477,0.000000
mutex,1,478,0.000000
mutex,1,479,1.000000
mutex,1,480,1.000000
mutex,1,481,0.000000
mutex,1,482,1.000000
mutex,1,483,1.000000
mutex,1,484,0.000000
mutex,1,485,0.000000
mutex,1,486,4.000000
mutex,1,487,1.000000
mutex,1,488,0.000000
mutex,1,489,1.000000
mutex,1,490,1.000000
mutex,1,491,1.000000
mutex,1,492,0.000000
mutex,1,493,1.000000
mutex,1,494,0.000000
mutex,1,495,0.000000
mutex,1,496,1.000000
mutex,1,497,1.000000
mutex,1,498,0.000000
mutex,1,499,0.000000
mutex,2,0,1.000000
mutex,2,1,0.000000
mutex,2,2,1.000000
mutex,2,3,1.000000
mutex,2,4,1.000000
mutex,2,5,4.000000
mutex,2,6,1.000000
mutex,2,7,1.000000
mutex,2,8,0.000000
mutex,2,9,1.000000
mutex,2,10,7.000000
mutex,2,11,22.000000
mutex,2,12,1.000000
mutex,2,13,1.000000
mutex,2,14,0.000000
mutex,2,15,1.000000
mutex,2,16,0.000000
mutex,2,17,0.000000
mutex,2,18,1.000000
mutex,2,19,0.000000
mutex,2,20,0.000000
mutex,2,21,12.000000
mutex,2,22,220.000000
mutex,2,23,5.000000
mutex,2,24,1.000000
mutex,2,25,3.000000
mutex,2,26,0.000000
mutex,2,27,1.000000
mutex,2,28,1.000000
mutex,2,29,0.000000
mutex,2,30,1.000000
mutex,2,31,0.000000
mutex,2,32,2.000000
mutex,2,33,1.000000
mutex,2,34,0.000000
mutex,2,35,1.000000
mutex,2,36,1.000000
mutex,2,37,1.000000
mutex,2,38,2.000000
mutex,2,39,0.000000
mutex,2,40,0.000000
mutex,2,41,0.000000
mutex,2,42,16.000000
mutex,2,43,1.000000
mutex,2,44,0.000000
mutex,2,45,0.000000
mutex,2,46,1.000000
mutex,2,47,2.000000
mutex,2,48,0.000000
mutex,2,49,2.000000
mutex,2,50,0.000000
mutex,2,51,0.000000
mutex,2,52,1.000000
mutex,2,53,0.000000
mutex,2,54,0.000000
mutex,2,55,1.000000
mutex,2,56,1.000000
mutex,2,57,0.000000
mutex,2,58,0.000000
mutex,2,59,1.000000
mutex,2,60,0.000000
mutex,2,61,0.000000
mutex,2,62,1.000000
mutex,2,63,0.000000
mutex,2,64,1.000000
mutex,2,65,0.000000
mutex,2,66,2.000000
mutex,2,67,0.000000
mutex,2,68,1.000000
mutex,2,69,0.000000
mutex,2,70,0.000000
mutex,2,71,1.000000
mutex,2,72,0.000000
mutex,2,73,2.000000
mutex,2,74,0.000000
mutex,2,75,0.000000
mutex,2,76,1.000000
mutex,2,77,0.000000
mutex,2,78,2.000000
mutex,2,79,113.000000
mutex,2,80,0.000000
mutex,2,81,0.000000
mutex,2,82,0.000000
mutex,2,83,0.000000
mutex,2,84,1.000000
mutex,2,85,0.000000
mutex,2,86,0.000000
mutex,2,87,0.000000
mutex,2,88,0.000000
mutex,2,89,0.000000
mutex,2,90,0.000000
mutex,2,91,0.000000
mutex,2,92,0.000000
mutex,2,93,0.000000
mutex,2,94,0.000000
mutex,2,95,0.000000
mutex,2,96,0.000000
mutex,2,97,1.000000
mutex,2,98,0.000000
mutex,2,99,0.000000
mutex,2,100,0.000000
mutex,2,101,0.000000
mutex,2,102,0.000000
mutex,2,103,1.000000
mutex,2,104,0.000000
mutex,2,105,0.000000
mutex,2,106,0.000000
mutex,2,107,0.000000
mutex,2,108,0.000000
mutex,2,109,0.000000
mutex,2,110,0.000000
mutex,2,111,0.000000
mutex,2,112,0.000000
mutex,2,113,0.000000
mutex,2,114,0.000000
mutex,2,115,0.000000
mutex,2,116,1.000000
mutex,2,117,0.000000
mutex,2,118,0.000000
mutex,2,119,0.000000
mutex,2,120,0.000000
mutex,2,121,0.000000
mutex,2,122,1.000000
mutex,2,123,0.000000
mutex,2,124,0.000000
mutex,2,125,0.000000
mutex,2,126,0.000000
mutex,2,127,0.000000
mutex,2,128,0.000000
mutex,2,129,0.000000
mutex,2,130,0.000000
mutex,2,131,0.000000
mutex,2,132,0.000000
mutex,2,133,0.000000
mutex,2,134,0.000000
mutex,2,135,1.000000
mutex,2,136,0.000000
mutex,2,137,0.000000
mutex,2,138,0.000000
mutex,2,139,0.000000
mutex,2,140,0.000000
mutex,2,141,1.000000
mutex,2,142,0.000000
mutex,2,143,0.000000
mutex,2,144,0.000000
mutex,2,145,0.000000
mutex,2,146,0.000000
mutex,2,147,0.000000
mutex,2,148,1.000000
mutex,2,149,0.000000
mutex,2,150,0.000000
mutex,2,151,0.000000
mutex,2,152,0.000000
mutex,2,153,0.000000
mutex,2,154,1.000000
mutex,2,155,0.000000
mutex,2,156,0.000000
mutex,2,157,0.000000
mutex,2,158,0.000000
mutex,2,159,0.000000
mutex,2,160,1.000000
mutex,2,161,102.000000
mutex,2,162,94.000000
mutex,2,163,0.000000
mutex,2,164,2.000000
mutex,2,165,6.000000
mutex,2,166,0.000000
mutex,2,167,216.000000
mutex,2,168,1.000000
mutex,2,169,0.000000
mutex,2,170,1.000000
mutex,2,171,1.000000
mutex,2,172,1.000000
mutex,2,173,0.000000
mutex,2,174,0.000000
mutex,2,175,11.000000
mutex,2,176,1.000000
mutex,2,177,0.000000
mutex,2,178,0.000000
mutex,2,179,0.000000
mutex,2,180,0.000000
mutex,2,181,0.000000
mutex,2,182,1.000000
mutex,2,183,0.000000
mutex,2,184,0.000000
mutex,2,185,0.000000
mutex,2,186,0.000000
mutex,2,187,0.000000
mutex,2,188,1.000000
mutex,2,189,0.000000
mutex,2,190,0.000000
mutex,2,191,0.000000
mutex,2,192,0.000000
mutex,2,193,0.000000
mutex,2,194,0.000000
mutex,2,195,0.000000
mutex,2,196,0.000000
mutex,2,197,0.000000
mutex,2,198,0.000000
mutex,2,199,0.000000
mutex,2,200,1.000000
mutex,2,201,4.000000
mutex,2,202,0.000000
mutex,2,203,1.000000
mutex,2,204,0.000000
mutex,2,205,26.000000
mutex,2,206,3.000000
mutex,2,207,0.000000
mutex,2,208,1.000000
mutex,2,209,0.000000
mutex,2,210,1.000000
mutex,2,211,1.000000
mutex,2,212,0.000000
mutex,2,213,0.000000
mutex,2,214,0.000000
mutex,2,215,0.000000
mutex,2,216,0.000000
mutex,2,217,1.000000
mutex,2,218,0.000000
mutex,2,219,0.000000
mutex,2,220,0.000000
mutex,2,221,0.000000
mutex,2,222,0.000000
mutex,2,223,1.000000
mutex,2,224,0.000000
mutex,2,225,1.000000
mutex,2,226,0.000000
mutex,2,227,1.000000
mutex,2,228,0.000000
mutex,2,229,0.000000
mutex,2,230,0.000000
mutex,2,231,0.000000
mutex,2,232,0.000000
mutex,2,233,1.000000
mutex,2,234,0.000000
mutex,2,235,0.000000
mutex,2,236,0.000000
mutex,2,237,0.000000
mutex,2,238,0.000000
mutex,2,239,1.000000
mutex,2,240,0.000000
mutex,2,241,0.000000
mutex,2,242,1.000000
mutex,2,243,39.000000
mutex,2,244,0.000000
mutex,2,245,1.000000
mutex,2,246,0.000000
mutex,2,247,0.000000
mutex,2,248,1.000000
mutex,2,249,0.000000
mutex,2,250,0.000000
mutex,2,251,1.000000
mutex,2,252,0.000000
mutex,2,253,0.000000
mutex,2,254,1.000000
mutex,2,255,0.000000
mutex,2,256,0.000000
mutex,2,257,1.000000
mutex,2,258,0.000000
mutex,2,259,1.000000
mutex,2,260,0.000000
mutex,2,261,1.000000
mutex,2,262,0.000000
mutex,2,263,1.000000
mutex,2,264,0.000000
mutex,2,265,9.000000
mutex,2,266,0.000000
mutex,2,267,1.000000
mutex,2,268,0.000000
mutex,2,269,1.000000
mutex,2,270,0.000000
mutex,2,271,1.000000
mutex,2,272,0.000000
mutex,2,273,10.000000
mutex,2,274,1.000000
mutex,2,275,1.000000
mutex,2,276,9.000000
mutex,2,277,0.000000
mutex,2,278,0.000000
mutex,2,279,1.000000
mutex,2,280,0.000000
mutex,2,281,1.000000
mutex,2,282,0.000000
mutex,2,283,1.000000
mutex,2,284,0.000000
mutex,2,285,2.000000
mutex,2,286,1.000000
mutex,2,287,1.000000
mutex,2,288,0.000000
mutex,2,289,17.000000
mutex,2,290,1.000000
mutex,2,291,1.000000
mutex,2,292,0.000000
mutex,2,293,0.000000
mutex,2,294,0.000000
mutex,2,295,9.000000
mutex,2,296,0.000000
mutex,2,297,0.000000
mutex,2,298,0.000000
mutex,2,299,1.000000
mutex,2,300,0.000000
mutex,2,301,1.000000
mutex,2,302,1.000000
mutex,2,303,0.000000
mutex,2,304,1.000000
mutex,2,305,0.000000
mutex,2,306,9.000000
mutex,2,307,0.000000
mutex,2,308,1.000000
mutex,2,309,0.000000
mutex,2,310,42.000000
mutex,2,311,0.000000
mutex,2,312,1.000000
mutex,2,313,0.000000
mutex,2,314,0.000000
mutex,2,315,0.000000
mutex,2,316,0.000000
mutex,2,317,1.000000
mutex,2,318,0.000000
mutex,2,319,1.000000
mutex,2,320,0.000000
mutex,2,321,1.000000
mutex,2,322,1.000000
mutex,2,323,2.000000
mutex,2,324,1.000000
mutex,2,325,1.000000
mutex,2,326,0.000000
mutex,2,327,0.000000
mutex,2,328,1.000000
mutex,2,329,0.000000
mutex,2,330,0.000000
mutex,2,331,1.000000
mutex,2,332,1.000000
mutex,2,333,0.000000
mutex,2,334,0.000000
mutex,2,335,1.000000
mutex,2,336,1.000000
mutex,2,337,1.000000
mutex,2,338,0.000000
mutex,2,339,1.000000
mutex,2,340,0.000000
mutex,2,341,1.000000
mutex,2,342,23.000000
mutex,2,343,35.000000
mutex,2,344,0.000000
mutex,2,345,0.000000
mutex,2,346,0.000000
mutex,2,347,0.000000
mutex,2,348,0.000000
mutex,2,349,0.000000
mutex,2,350,0.000000
mutex,2,351,0.000000
mutex,2,352,0.000000
mutex,2,353,1.000000
mutex,2,354,0.000000
mutex,2,355,0.000000
mutex,2,356,1.000000
mutex,2,357,1.000000
mutex,2,358,0.000000
mutex,2,359,1.000000
mutex,2,360,5.000000
mutex,2,361,0.000000
mutex,2,362,2.000000
mutex,2,363,1.000000
mutex,2,364,13.000000
mutex,2,365,1.000000
mutex,2,366,0.000000
mutex,2,367,0.000000
mutex,2,368,0.000000
mutex,2,369,2.000000
mutex,2,370,0.000000
mutex,2,371,0.000000
mutex,2,372,0.000000
mutex,2,373,1.000000
mutex,2,374,22.000000
mutex,2,375,0.000000
mutex,2,376,0.000000
mutex,2,377,1.000000
mutex,2,378,0.000000
mutex,2,379,0.000000
mutex,2,380,0.000000
mutex,2,381,0.000000
mutex,2,382,0.000000
mutex,2,383,1.000000
mutex,2,384,0.000000
mutex,2,385,0.000000
mutex,2,386,0.000000
mutex,2,387,0.000000
mutex,2,388,0.000000
mutex,2,389,1.000000
mutex,2,390,0.000000
mutex,2,391,0.000000
mutex,2,392,0.000000
mutex,2,393,0.000000
mutex,2,394,0.000000
mutex,2,395,0.000000
mutex,2,396,0.000000
mutex,2,397,0.000000
mutex,2,398,0.000000
mutex,2,399,0.000000
mutex,2,400,0.000000
mutex,2,401,0.000000
mutex,2,402,0.000000
mutex,2,403,0.000000
mutex,2,404,0.000000
mutex,2,405,0.000000
mutex,2,406,0.000000
mutex,2,407,0.000000
mutex,2,408,0.000000
mutex,2,409,0.000000
mutex,2,410,0.000000
mutex,2,411,0.000000
mutex,2,412,0.000000
mutex,2,413,0.000000
mutex,2,414,1.000000
mutex,2,415,0.000000
mutex,2,416,0.000000
mutex,2,417,0.000000
mutex,2,418,0.000000
mutex,2,419,0.000000
mutex,2,420,1.000000
mutex,2,421,0.000000
mutex,2,422,0.000000
mutex,2,423,0.000000
mutex,2,424,0.000000
mutex,2,425,0.000000
mutex,2,426,1.000000
mutex,2,427,0.000000
mutex,2,428,0.000000
mutex,2,429,0.000000
mutex,2,430,0.000000
mutex,2,431,0.000000
mutex,2,432,1.000000
mutex,2,433,0.000000
mutex,2,434,0.000000
mutex,2,435,0.000000
mutex,2,436,0.000000
mutex,2,437,0.000000
mutex,2,438,1.000000
mutex,2,439,0.000000
mutex,2,440,0.000000
mutex,2,441,0.000000
mutex,2,442,0.000000
mutex,2,443,0.000000
mutex,2,444,1.000000
mutex,2,445,0.000000
mutex,2,446,0.000000
mutex,2,447,0.000000
mutex,2,448,0.000000
mutex,2,449,0.000000
mutex,2,450,1.000000
mutex,2,451,0.000000
mutex,2,452,0.000000
mutex,2,453,0.000000
mutex,2,454,1.000000
mutex,2,455,1.000000
mutex,2,456,0.000000
mutex,2,457,0.000000
mutex,2,458,1.000000
mutex,2,459,6.000000
mutex,2,460,1.000000
mutex,2,461,1.000000
mutex,2,462,0.000000
mutex,2,463,0.000000
mutex,2,464,1.000000
mutex,2,465,0.000000
mutex,2,466,2.000000
mutex,2,467,2.000000
mutex,2,468,1.000000
mutex,2,469,0.000000
mutex,2,470,1.000000
mutex,2,471,0.000000
mutex,2,472,1.000000
mutex,2,473,0.000000
mutex,2,474,25.000000
mutex,2,475,1.000000
mutex,2,476,0.000000
mutex,2,477,0.000000
mutex,2,478,0.000000
mutex,2,479,0.000000
mutex,2,480,0.000000
mutex,2,481,1.000000
mutex,2,482,0.000000
mutex,2,483,0.000000
mutex,2,484,0.000000
mutex,2,485,0.000000
mutex,2,486,0.000000
mutex,2,487,0.000000
mutex,2,488,0.000000
mutex,2,489,0.000000
mutex,2,490,0.000000
mutex,2,491,0.000000
mutex,2,492,0.000000
mutex,2,493,0.000000
mutex,2,494,1.000000
mutex,2,495,0.000000
mutex,2,496,0.000000
mutex,2,497,0.000000
mutex,2,498,0.000000
mutex,2,499,0.000000
mutex,3,0,1.000000
mutex,3,1,1.000000
mutex,3,2,0.000000
mutex,3,3,1.000000
mutex,3,4,0.000000
mutex,3,5,0.000000
mutex,3,6,1.000000
mutex,3,7,0.000000
mutex,3,8,0.000000
mutex,3,9,1.000000
mutex,3,10,1.000000
mutex,3,11,1.000000
mutex,3,12,0.000000
mutex,3,13,2.000000
mutex,3,14,0.000000
mutex,3,15,1.000000
mutex,3,16,1.000000
mutex,3,17,1.000000
mutex,3,18,1.000000
mutex,3,19,1.000000
mutex,3,20,0.000000
mutex,3,21,87.000000
mutex,3,22,0.000000
mutex,3,23,0.000000
mutex,3,24,1.000000
mutex,3,25,0.000000
mutex,3,26,0.000000
mutex,3,27,0.000000
mutex,3,28,0.000000
mutex,3,29,0.000000
mutex,3,30,0.000000
mutex,3,31,0.000000
mutex,3,32,0.000000
mutex,3,33,0.000000
mutex,3,34,0.000000
mutex,3,35,0.000000
mutex,3,36,0.000000
mutex,3,37,1.000000
mutex,3,38,0.000000
mutex,3,39,0.000000
mutex,3,40,0.000000
mutex,3,41,0.000000
mutex,3,42,0.000000
mutex,3,43,1.000000
mutex,3,44,0.000000
mutex,3,45,0.000000
mutex,3,46,0.000000
mutex,3,47,0.000000
mutex,3,48,0.000000
mutex,3,49,2.000000
mutex,3,50,2.000000
mutex,3,51,1.000000
mutex,3,52,1.000000
mutex,3,53,0.000000
mutex,3,54,1.000000
mutex,3,55,0.000000
mutex,3,56,0.000000
mutex,3,57,1.000000
mutex,3,58,0.000000
mutex,3,59,1.000000
mutex,3,60,1.000000
mutex,3,61,1.000000
mutex,3,62,0.000000
mutex,3,63,0.000000
mutex,3,64,1.000000
mutex,3,65,1.000000
mutex,3,66,0.000000
mutex,3,67,1.000000
mutex,3,68,0.000000
mutex,3,69,1.000000
mutex,3,70,4.000000
mutex,3,71,3.000000
mutex,3,72,40.000000
mutex,3,73,1.000000
mutex,3,74,1.000000
mutex,3,75,0.000000
mutex,3,76,47.000000
mutex,3,77,0.000000
mutex,3,78,0.000000
mutex,3,79,0.000000
mutex,3,80,0.000000
mutex,3,81,1.000000
mutex,3,82,0.000000
mutex,3,83,0.000000
mutex,3,84,0.000000
mutex,3,85,0.000000
mutex,3,86,0.000000
mutex,3,87,0.000000
mutex,3,88,1.000000
mutex,3,89,0.000000
mutex,3,90,0.000000
mutex,3,91,0.000000
mutex,3,92,0.000000
mutex,3,93,0.000000
mutex,3,94,1.000000
mutex,3,95,0.000000
mutex,3,96,0.000000
mutex,3,97,0.000000
mutex,3,98,1.000000
mutex,3,99,1.000000
mutex,3,100,0.000000
mutex,3,101,1.000000
mutex,3,102,0.000000
mutex,3,103,0.000000
mutex,3,104,0.000000
mutex,3,105,0.000000
mutex,3,106,0.000000
mutex,3,107,0.000000
mutex,3,108,0.000000
mutex,3,109,0.000000
mutex,3,110,1.000000
mutex,3,111,0.000000
mutex,3,112,0.000000
mutex,3,113,0.000000
mutex,3,114,0.000000
mutex,3,115,1.000000
mutex,3,116,1.000000
mutex,3,117,1.000000
mutex,3,118,49.000000
mutex,3,119,0.000000
mutex,3,120,11.000000
mutex,3,121,0.000000
mutex,3,122,1.000000
mutex,3,123,0.000000
mutex,3,124,6.000000
mutex,3,125,1.000000
mutex,3,126,1.000000
mutex,3,127,0.000000
mutex,3,128,0.000000
mutex,3,129,1.000000
mutex,3,130,0.000000
mutex,3,131,1.000000
mutex,3,132,2.000000
mutex,3,133,0.000000
mutex,3,134,0.000000
mutex,3,135,0.000000
mutex,3,136,0.000000
mutex,3,137,1.000000
mutex,3,138,0.000000
mutex,3,139,0.000000
mutex,3,140,0.000000
mutex,3,141,0.000000
mutex,3,142,0.000000
mutex,3,143,0.000000
mutex,3,144,0.000000
mutex,3,145,0.000000
mutex,3,146,0.000000
mutex,3,147,0.000000
mutex,3,148,0.000000
mutex,3,149,0.000000
mutex,3,150,1.000000
mutex,3,151,0.000000
mutex,3,152,1.000000
mutex,3,153,1.000000
mutex,3,154,0.000000
mutex,3,155,0.000000
mutex,3,156,0.000000
mutex,3,157,0.000000
mutex,3,158,0.000000
mutex,3,159,1.000000
mutex,3,160,0.000000
mutex,3,161,0.000000
mutex,3,162,0.000000
mutex,3,163,0.000000
mutex,3,164,0.000000
mutex,3,165,0.000000
mutex,3,166,1.000000
mutex,3,167,0.000000
mutex,3,168,0.000000
mutex,3,169,0.000000
mutex,3,170,0.000000
mutex,3,171,0.000000
mutex,3,172,1.000000
mutex,3,173,1.000000
mutex,3,174,0.000000
mutex,3,175,0.000000
mutex,3,176,1.000000
mutex,3,177,1.000000
mutex,3,178,1.000000
mutex,3,179,0.000000
mutex,3,180,0.000000
mutex,3,181,1.000000
mutex,3,182,1.000000
mutex,3,183,1.000000
mutex,3,184,1.000000
mutex,3,185,2.000000
mutex,3,186,0.000000
mutex,3,187,1.000000
mutex,3,188,0.000000
mutex,3,189,0.000000
mutex,3,190,0.000000
mutex,3,191,0.000000
mutex,3,192,1.000000
mutex,3,193,0.000000
mutex,3,194,1.000000
mutex,3,195,0.000000
mutex,3,196,1.000000
mutex,3,197,0.000000
mutex,3,198,1.000000
mutex,3,199,0.000000
mutex,3,200,1.000000
mutex,3,201,1.000000
mutex,3,202,1.000000
mutex,3,203,208.000000
mutex,3,204,20.000000
mutex,3,205,44.000000
mutex,3,206,1.000000
mutex,3,207,0.000000
mutex,3,208,0.000000
mutex,3,209,1.000000
mutex,3,210,0.000000
mutex,3,211,0.000000
mutex,3,212,1.000000
mutex,3,213,1.000000
mutex,3,214,0.000000
mutex,3,215,0.000000
mutex,3,216,1.000000
mutex,3,217,1.000000
mutex,3,218,1.000000
mutex,3,219,0.000000
mutex,3,220,0.000000
mutex,3,221,1.000000
mutex,3,222,1.000000
mutex,3,223,1.000000
mutex,3,224,0.000000
mutex,3,225,1.000000
mutex,3,226,0.000000
mutex,3,227,1.000000
mutex,3,228,0.000000
mutex,3,229,0.000000
mutex,3,230,4.000000
mutex,3,231,1.000000
mutex,3,232,0.000000
mutex,3,233,12.000000
mutex,3,234,1.000000
mutex,3,235,1.000000
mutex,3,236,0.000000
mutex,3,237,1.000000
mutex,3,238,0.000000
mutex,3,239,1.000000
mutex,3,240,0.000000
mutex,3,241,0.000000
mutex,3,242,1.000000
mutex,3,243,0.000000
mutex,3,244,0.000000
mutex,3,245,1.000000
mutex,3,246,1.000000
mutex,3,247,1.000000
mutex,3,248,0.000000
mutex,3,249,19.000000
mutex,3,250,2.000000
mutex,3,251,0.000000
mutex,3,252,1.000000
mutex,3,253,0.000000
mutex,3,254,0.000000
mutex,3,255,1.000000
mutex,3,256,0.000000
mutex,3,257,212.000000
mutex,3,258,1.000000
mutex,3,259,0.000000
mutex,3,260,1.000000
mutex,3,261,2.000000
mutex,3,262,0.000000
mutex,3,263,4.000000
mutex,3,264,1.000000
mutex,3,265,0.000000
mutex,3,266,0.000000
mutex,3,267,3.000000
mutex,3,268,2.000000
mutex,3,269,1.000000
mutex,3,270,0.000000
mutex,3,271,23.000000
mutex,3,272,0.000000
mutex,3,273,0.000000
mutex,3,274,1.000000
mutex,3,275,0.000000
mutex,3,276,0.000000
mutex,3,277,1.000000
mutex,3,278,1.000000
mutex,3,279,1.000000
mutex,3,280,0.000000
mutex,3,281,3.000000
mutex,3,282,15.000000
mutex,3,283,10.000000
mutex,3,284,0.000000
mutex,3,285,0.000000
mutex,3,286,0.000000
mutex,3,287,0.000000
mutex,3,288,0.000000
mutex,3,289,1.000000
mutex,3,290,2.000000
mutex,3,291,0.000000
mutex,3,292,1.000000
mutex,3,293,1.000000
mutex,3,294,1.000000
mutex,3,295,0.000000
mutex,3,296,0.000000
mutex,3,297,1.000000
mutex,3,298,1.000000
mutex,3,299,6.000000
mutex,3,300,0.000000
mutex,3,301,1.000000
mutex,3,302,0.000000
mutex,3,303,1.000000
mutex,3,304,2.000000
mutex,3,305,1.000000
mutex,3,306,0.000000
mutex,3,307,1.000000
mutex,3,308,0.000000
mutex,3,309,0.000000
mutex,3,310,1.000000
mutex,3,311,10.000000
mutex,3,312,0.000000
mutex,3,313,0.000000
mutex,3,314,0.000000
mutex,3,315,2.000000
mutex,3,316,0.000000
mutex,3,317,1.000000
mutex,3,318,1.000000
mutex,3,319,3.000000
mutex,3,320,1.000000
mutex,3,321,0.000000
mutex,3,322,1.000000
mutex,3,323,0.000000
mutex,3,324,1.000000
mutex,3,325,0.000000
mutex,3,326,2.000000
mutex,3,327,1.000000
mutex,3,328,1.000000
mutex,3,329,1.000000
mutex,3,330,0.000000
mutex,3,331,1.000000
mutex,3,332,0.000000
mutex,3,333,0.000000
mutex,3,334,1.000000
mutex,3,335,1.000000
mutex,3,336,0.000000
mutex,3,337,1.000000
mutex,3,338,1.000000
mutex,3,339,1.000000
mutex,3,340,1.000000
mutex,3,341,0.000000
mutex,3,342,0.000000
mutex,3,343,1.000000
mutex,3,344,1.000000
mutex,3,345,1.000000
mutex,3,346,1.000000
mutex,3,347,0.000000
mutex,3,348,0.000000
mutex,3,349,1.000000
mutex,3,350,0.000000
mutex,3,351,0.000000
mutex,3,352,0.000000
mutex,3,353,1.000000
mutex,3,354,1.000000
mutex,3,355,1.000000
mutex,3,356,0.000000
mutex,3,357,0.000000
mutex,3,358,0.000000
mutex,3,359,0.000000
mutex,3,360,0.000000
mutex,3,361,0.000000
mutex,3,362,0.000000
mutex,3,363,0.000000
mutex,3,364,0.000000
mutex,3,365,0.000000
mutex,3,366,0.000000
mutex,3,367,0.000000
mutex,3,368,1.000000
mutex,3,369,0.000000
mutex,3,370,0.000000
mutex,3,371,0.000000
mutex,3,372,0.000000
mutex,3,373,0.000000
mutex,3,374,1.000000
mutex,3,375,0.000000
mutex,3,376,0.000000
mutex,3,377,0.000000
mutex,3,378,0.000000
mutex,3,379,0.000000
mutex,3,380,0.000000
mutex,3,381,0.000000
mutex,3,382,0.000000
mutex,3,383,0.000000
mutex,3,384,0.000000
mutex,3,385,0.000000
mutex,3,386,0.000000
mutex,3,387,1.000000
mutex,3,388,1.000000
mutex,3,389,0.000000
mutex,3,390,0.000000
mutex,3,391,1.000000
mutex,3,392,0.000000
mutex,3,393,0.000000
mutex,3,394,1.000000
mutex,3,395,1.000000
mutex,3,396,0.000000
mutex,3,397,1.000000
mutex,3,398,0.000000
mutex,3,399,1.000000
mutex,3,400,1.000000
mutex,3,401,0.000000
mutex,3,402,1.000000
mutex,3,403,4.000000
mutex,3,404,0.000000
mutex,3,405,1.000000
mutex,3,406,0.000000
mutex,3,407,0.000000
mutex,3,408,1.000000
mutex,3,409,1.000000
mutex,3,410,1.000000
mutex,3,411,1.000000
mutex,3,412,0.000000
mutex,3,413,1.000000
mutex,3,414,1.000000
mutex,3,415,1.000000
mutex,3,416,20.000000
mutex,3,417,0.000000
mutex,3,418,1.000000
mutex,3,419,1.000000
mutex,3,420,0.000000
mutex,3,421,0.000000
mutex,3,422,1.000000
mutex,3,423,0.000000
mutex,3,424,0.000000
mutex,3,425,1.000000
mutex,3,426,0.000000
mutex,3,427,1.000000
mutex,3,428,1.000000
mutex,3,429,0.000000
mutex,3,430,1.000000
mutex,3,431,0.000000
mutex,3,432,1.000000
mutex,3,433,0.000000
mutex,3,434,0.000000
mutex,3,435,0.000000
mutex,3,436,1.000000
mutex,3,437,134.000000
mutex,3,438,1.000000
mutex,3,439,0.000000
mutex,3,440,0.000000
mutex,3,441,1.000000
mutex,3,442,0.000000
mutex,3,443,0.000000
mutex,3,444,23.000000
mutex,3,445,14.000000
mutex,3,446,0.000000
mutex,3,447,1.000000
mutex,3,448,0.000000
mutex,3,449,0.000000
mutex,3,450,0.000000
mutex,3,451,0.000000
mutex,3,452,0.000000
mutex,3,453,0.000000
mutex,3,454,0.000000
mutex,3,455,0.000000
mutex,3,456,0.000000
mutex,3,457,0.000000
mutex,3,458,0.000000
mutex,3,459,0.000000
mutex,3,460,0.000000
mutex,3,461,0.000000
mutex,3,462,0.000000
mutex,3,463,0.000000
mutex,3,464,0.000000
mutex,3,465,0.000000
mutex,3,466,1.000000
mutex,3,467,0.000000
mutex,3,468,0.000000
mutex,3,469,0.000000
mutex,3,470,0.000000
mutex,3,471,0.000000
mutex,3,472,1.000000
mutex,3,473,0.000000
mutex,3,474,0.000000
mutex,3,475,0.000000
mutex,3,476,0.000000
mutex,3,477,0.000000
mutex,3,478,1.000000
mutex,3,479,0.000000
mutex,3,480,0.000000
mutex,3,481,0.000000
mutex,3,482,0.000000
mutex,3,483,0.000000
mutex,3,484,1.000000
mutex,3,485,0.000000
mutex,3,486,0.000000
mutex,3,487,0.000000
mutex,3,488,0.000000
mutex,3,489,0.000000
mutex,3,490,1.000000
mutex,3,491,0.000000
mutex,3,492,0.000000
mutex,3,493,0.000000
mutex,3,494,0.000000
mutex,3,495,0.000000
mutex,3,496,1.000000
mutex,3,497,0.000000
mutex,3,498,0.000000
mutex,3,499,0.000000
lockfree,0,0,1.000000
lockfree,0,1,0.000000
lockfree,0,2,0.000000
lockfree,0,3,0.000000
lockfree,0,4,1.000000
lockfree,0,5,0.000000
lockfree,0,6,0.000000
lockfree,0,7,2.000000
lockfree,0,8,0.000000
lockfree,0,9,0.000000
lockfree,0,10,1.000000
lockfree,0,11,0.000000
lockfree,0,12,0.000000
lockfree,0,13,0.000000
lockfree,0,14,1.000000
lockfree,0,15,0.000000
lockfree,0,16,0.000000
lockfree,0,17,0.000000
lockfree,0,18,1.000000
lockfree,0,19,0.000000
lockfree,0,20,0.000000
lockfree,0,21,1.000000
lockfree,0,22,0.000000
lockfree,0,23,0.000000
lockfree,0,24,0.000000
lockfree,0,25,4.000000
lockfree,0,26,0.000000
lockfree,0,27,1.000000
lockfree,0,28,0.000000
lockfree,0,29,0.000000
lockfree,0,30,1.000000
lockfree,0,31,0.000000
lockfree,0,32,0.000000
lockfree,0,33,0.000000
lockfree,0,34,1.000000
lockfree,0,35,0.000000
lockfree,0,36,1.000000
lockfree,0,37,0.000000
lockfree,0,38,1.000000
lockfree,0,39,0.000000
lockfree,0,40,1.000000
lockfree,0,41,0.000000
lockfree,0,42,0.000000
lockfree,0,43,0.000000
lockfree,0,44,1.000000
lockfree,0,45,0.000000
lockfree,0,46,0.000000
lockfree,0,47,0.000000
lockfree,0,48,0.000000
lockfree,0,49,0.000000
lockfree,0,50,0.000000
lockfree,0,51,1.000000
lockfree,0,52,0.000000
lockfree,0,53,0.000000
lockfree,0,54,1.000000
lockfree,0,55,0.000000
lockfree,0,56,0.000000
lockfree,0,57,0.000000
lockfree,0,58,1.000000
lockfree,0,59,0.000000
lockfree,0,60,0.000000
lockfree,0,61,0.000000
lockfree,0,62,9.000000
lockfree,0,63,2.000000
lockfree,0,64,1.000000
lockfree,0,65,0.000000
lockfree,0,66,0.000000
lockfree,0,67,1.000000
lockfree,0,68,0.000000
lockfree,0,69,0.000000
lockfree,0,70,1.000000
lockfree,0,71,0.000000
lockfree,0,72,0.000000
lockfree,0,73,0.000000
lockfree,0,74,0.000000
lockfree,0,75,0.000000
lockfree,0,76,0.000000
lockfree,0,77,1.000000
lockfree,0,78,0.000000
lockfree,0,79,0.000000
lockfree,0,80,0.000000
lockfree,0,81,1.000000
lockfree,0,82,0.000000
lockfree,0,83,1.000000
lockfree,0,84,0.000000
lockfree,0,85,1.000000
lockfree,0,86,0.000000
lockfree,0,87,0.000000
lockfree,0,88,1.000000
lockfree,0,89,0.000000
lockfree,0,90,1.000000
lockfree,0,91,0.000000
lockfree,0,92,1.000000
lockfree,0,93,0.000000
lockfree,0,94,0.000000
lockfree,0,95,1.000000
lockfree,0,96,0.000000
lockfree,0,97,1.000000
lockfree,0,98,0.000000
lockfree,0,99,0.000000
lockfree,0,100,0.000000
lockfree,0,101,0.000000
lockfree,0,102,1.000000
lockfree,0,103,0.000000
lockfree,0,104,0.000000
lockfree,0,105,0.000000
lockfree,0,106,0.000000
lockfree,0,107,1.000000
lockfree,0,108,0.000000
lockfree,0,109,0.000000
lockfree,0,110,1.000000
lockfree,0,111,0.000000
lockfree,0,112,1.000000
lockfree,0,113,0.000000
lockfree,0,114,1.000000
lockfree,0,115,0.000000
lockfree,0,116,0.000000
lockfree,0,117,1.000000
lockfree,0,118,0.000000
lockfree,0,119,1.000000
lockfree,0,120,0.000000
lockfree,0,121,0.000000
lockfree,0,122,1.000000
lockfree,0,123,0.000000
lockfree,0,124,0.000000
lockfree,0,125,1.000000
lockfree,0,126,0.000000
lockfree,0,127,1.000000
lockfree,0,128,0.000000
lockfree,0,129,0.000000
lockfree,0,130,1.000000
lockfree,0,131,0.000000
lockfree,0,132,0.000000
lockfree,0,133,1.000000
lockfree,0,134,0.000000
lockfree,0,135,1.000000
lockfree,0,136,0.000000
lockfree,0,137,1.000000
lockfree,0,138,0.000000
lockfree,0,139,0.000000
lockfree,0,140,0.000000
lockfree,0,141,0.000000
lockfree,0,142,1.000000
lockfree,0,143,0.000000
lockfree,0,144,0.000000
lockfree,0,145,1.000000
lockfree,0,146,0.000000
lockfree,0,147,1.000000
lockfree,0,148,0.000000
lockfree,0,149,0.000000
lockfree,0,150,1.000000
lockfree,0,151,0.000000
lockfree,0,152,0.000000
lockfree,0,153,1.000000
lockfree,0,154,0.000000
lockfree,0,155,1.000000
lockfree,0,156,0.000000
lockfree,0,157,0.000000
lockfree,0,158,1.000000
lockfree,0,159,0.000000
lockfree,0,160,0.000000
lockfree,0,161,0.000000
lockfree,0,162,0.000000
lockfree,0,163,1.000000
lockfree,0,164,0.000000
lockfree,0,165,0.000000
lockfree,0,166,1.000000
lockfree,0,167,0.000000
lockfree,0,168,0.000000
lockfree,0,169,1.000000
lockfree,0,170,0.000000
lockfree,0,171,1.000000
lockfree,0,172,0.000000
lockfree,0,173,0.000000
lockfree,0,174,1.000000
lockfree,0,175,0.000000
lockfree,0,176,1.000000
lockfree,0,177,0.000000
lockfree,0,178,0.000000
lockfree,0,179,1.000000
lockfree,0,180,0.000000
lockfree,0,181,0.000000
lockfree,0,182,0.000000
lockfree,0,183,0.000000
lockfree,0,184,1.000000
lockfree,0,185,0.000000
lockfree,0,186,0.000000
lockfree,0,187,0.000000
lockfree,0,188,0.000000
lockfree,0,189,1.000000
lockfree,0,190,0.000000
lockfree,0,191,0.000000
lockfree,0,192,1.000000
lockfree,0,193,0.000000
lockfree,0,194,0.000000
lockfree,0,195,1.000000
lockfree,0,196,0.000000
lockfree,0,197,1.000000
lockfree,0,198,0.000000
lockfree,0,199,0.000000
lockfree,0,200,1.000000
lockfree,0,201,0.000000
lockfree,0,202,1.000000
lockfree,0,203,0.000000
lockfree,0,204,0.000000
lockfree,0,205,1.000000
lockfree,0,206,0.000000
lockfree,0,207,0.000000
lockfree,0,208,1.000000
lockfree,0,209,0.000000
lockfree,0,210,0.000000
lockfree,0,211,0.000000
lockfree,0,212,0.000000
lockfree,0,213,1.000000
lockfree,0,214,0.000000
lockfree,0,215,0.000000
lockfree,0,216,1.000000
lockfree,0,217,0.000000
lockfree,0,218,1.000000
lockfree,0,219,0.000000
lockfree,0,220,0.000000
lockfree,0,221,1.000000
lockfree,0,222,0.000000
lockfree,0,223,0.000000
lockfree,0,224,0.000000
lockfree,0,225,0.000000
lockfree,0,226,1.000000
lockfree,0,227,0.000000
lockfree,0,228,0.000000
lockfree,0,229,1.000000
lockfree,0,230,0.000000
lockfree,0,231,0.000000
lockfree,0,232,1.000000
lockfree,0,233,0.000000
lockfree,0,234,1.000000
lockfree,0,235,0.000000
lockfree,0,236,0.000000
lockfree,0,237,1.000000
lockfree,0,238,0.000000
lockfree,0,239,0.000000
lockfree,0,240,1.000000
lockfree,0,241,0.000000
lockfree,0,242,1.000000
lockfree,0,243,0.000000
lockfree,0,244,1.000000
lockfree,0,245,0.000000
lockfree,0,246,0.000000
lockfree,0,247,1.000000
lockfree,0,248,0.000000
lockfree,0,249,0.000000
lockfree,0,250,1.000000
lockfree,0,251,0.000000
lockfree,0,252,1.000000
lockfree,0,253,0.000000
lockfree,0,254,0.000000
lockfree,0,255,1.000000
lockfree,0,256,0.000000
lockfree,0,257,0.000000
lockfree,0,258,1.000000
lockfree,0,259,0.000000
lockfree,0,260,0.000000
lockfree,0,261,0.000000
lockfree,0,262,0.000000
lockfree,0,263,1.000000
lockfree,0,264,0.000000
lockfree,0,265,0.000000
lockfree,0,266,1.000000
lockfree,0,267,0.000000
lockfree,0,268,0.000000
lockfree,0,269,1.000000
lockfree,0,270,0.000000
lockfree,0,271,1.000000
lockfree,0,272,0.000000
lockfree,0,273,0.000000
lockfree,0,274,1.000000
lockfree,0,275,0.000000
lockfree,0,276,0.000000
lockfree,0,277,0.000000
lockfree,0,278,0.000000
lockfree,0,279,1.000000
lockfree,0,280,0.000000
lockfree,0,281,0.000000
lockfree,0,282,1.000000
lockfree,0,283,0.000000
lockfree,0,284,1.000000
lockfree,0,285,0.000000
lockfree,0,286,0.000000
lockfree,0,287,1.000000
lockfree,0,288,0.000000
lockfree,0,289,0.000000
lockfree,0,290,0.000000
lockfree,0,291,0.000000
lockfree,0,292,1.000000
lockfree,0,293,0.000000
lockfree,0,294,0.000000
lockfree,0,295,1.000000
lockfree,0,296,0.000000
lockfree,0,297,1.000000
lockfree,0,298,0.000000
lockfree,0,299,0.000000
lockfree,0,300,1.000000
lockfree,0,301,0.000000
lockfree,0,302,0.000000
lockfree,0,303,1.000000
lockfree,0,304,0.000000
lockfree,0,305,1.000000
lockfree,0,306,0.000000
lockfree,0,307,0.000000
lockfree,0,308,1.000000
lockfree,0,309,0.000000
lockfree,0,310,0.000000
lockfree,0,311,0.000000
lockfree,0,312,0.000000
lockfree,0,313,1.000000
lockfree,0,314,0.000000
lockfree,0,315,0.000000
lockfree,0,316,1.000000
lockfree,0,317,0.000000
lockfree,0,318,0.000000
lockfree,0,319,0.000000
lockfree,0,320,0.000000
lockfree,0,321,1.000000
lockfree,0,322,0.000000
lockfree,0,323,0.000000
lockfree,0,324,1.000000
lockfree,0,325,0.000000
lockfree,0,326,1.000000
lockfree,0,327,0.000000
lockfree,0,328,0.000000
lockfree,0,329,1.000000
lockfree,0,330,0.000000
lockfree,0,331,0.000000
lockfree,0,332,1.000000
lockfree,0,333,0.000000
lockfree,0,334,1.000000
lockfree,0,335,0.000000
lockfree,0,336,0.000000
lockfree,0,337,1.000000
lockfree,0,338,0.000000
lockfree,0,339,1.000000
lockfree,0,340,0.000000
lockfree,0,341,0.000000
lockfree,0,342,1.000000
lockfree,0,343,0.000000
lockfree,0,344,0.000000
lockfree,0,345,1.000000
lockfree,0,346,0.000000
lockfree,0,347,1.000000
lockfree,0,348,0.000000
lockfree,0,349,0.000000
lockfree,0,350,1.000000
lockfree,0,351,0.000000
lockfree,0,352,0.000000
lockfree,0,353,1.000000
lockfree,0,354,0.000000
lockfree,0,355,1.000000
lockfree,0,356,0.000000
lockfree,0,357,0.000000
lockfree,0,358,1.000000
lockfree,0,359,0.000000
lockfree,0,360,0.000000
lockfree,0,361,1.000000
lockfree,0,362,0.000000
lockfree,0,363,1.000000
lockfree,0,364,0.000000
lockfree,0,365,1.000000
lockfree,0,366,0.000000
lockfree,0,367,0.000000
lockfree,0,368,0.000000
lockfree,0,369,0.000000
lockfree,0,370,1.000000
lockfree,0,371,0.000000
lockfree,0,372,0.000000
lockfree,0,373,0.000000
lockfree,0,374,0.000000
lockfree,0,375,1.000000
lockfree,0,376,0.000000
lockfree,0,377,0.000000
lockfree,0,378,1.000000
lockfree,0,379,0.000000
lockfree,0,380,1.000000
lockfree,0,381,0.000000
lockfree,0,382,0.000000
lockfree,0,383,1.000000
lockfree,0,384,0.000000
lockfree,0,385,0.000000
lockfree,0,386,1.000000
lockfree,0,387,0.000000
lockfree,0,388,1.000000
lockfree,0,389,0.000000
lockfree,0,390,0.000000
lockfree,0,391,1.000000
lockfree,0,392,0.000000
lockfree,0,393,0.000000
lockfree,0,394,0.000000
lockfree,0,395,0.000000
lockfree,0,396,1.000000
lockfree,0,397,0.000000
lockfree,0,398,0.000000
lockfree,0,399,1.000000
lockfree,0,400,0.000000
lockfree,0,401,0.000000
lockfree,0,402,0.000000
lockfree,0,403,0.000000
lockfree,0,404,1.000000
lockfree,0,405,0.000000
lockfree,0,406,1.000000
lockfree,0,407,0.000000
lockfree,0,408,0.000000
lockfree,0,409,0.000000
lockfree,0,410,0.000000
lockfree,0,411,1.000000
lockfree,0,412,0.000000
lockfree,0,413,0.000000
lockfree,0,414,1.000000
lockfree,0,415,0.000000
lockfree,0,416,0.000000
lockfree,0,417,1.000000
lockfree,0,418,0.000000
lockfree,0,419,1.000000
lockfree,0,420,0.000000
lockfree,0,421,1.000000
lockfree,0,422,0.000000
lockfree,0,423,0.000000
lockfree,0,424,1.000000
lockfree,0,425,0.000000
lockfree,0,426,0.000000
lockfree,0,427,1.000000
lockfree,0,428,0.000000
lockfree,0,429,1.000000
lockfree,0,430,0.000000
lockfree,0,431,0.000000
lockfree,0,432,1.000000
lockfree,0,433,0.000000
lockfree,0,434,0.000000
lockfree,0,435,1.000000
lockfree,0,436,0.000000
lockfree,0,437,1.000000
lockfree,0,438,0.000000
lockfree,0,439,0.000000
lockfree,0,440,1.000000
lockfree,0,441,0.000000
lockfree,0,442,1.000000
lockfree,0,443,0.000000
lockfree,0,444,0.000000
lockfree,0,445,1.000000
lockfree,0,446,0.000000
lockfree,0,447,0.000000
lockfree,0,448,0.000000
lockfree,0,449,0.000000
lockfree,0,450,1.000000
lockfree,0,451,0.000000
lockfree,0,452,1.000000
lockfree,0,453,0.000000
lockfree,0,454,0.000000
lockfree,0,455,1.000000
lockfree,0,456,0.000000
lockfree,0,457,0.000000
lockfree,0,458,0.000000
lockfree,0,459,0.000000
lockfree,0,460,1.000000
lockfree,0,461,0.000000
lockfree,0,462,1.000000
lockfree,0,463,0.000000
lockfree,0,464,0.000000
lockfree,0,465,1.000000
lockfree,0,466,0.000000
lockfree,0,467,0.000000
lockfree,0,468,1.000000
lockfree,0,469,0.000000
lockfree,0,470,1.000000
lockfree,0,471,0.000000
lockfree,0,472,0.000000
lockfree,0,473,0.000000
lockfree,0,474,0.000000
lockfree,0,475,1.000000
lockfree,0,476,0.000000
lockfree,0,477,0.000000
lockfree,0,478,1.000000
lockfree,0,479,0.000000
lockfree,0,480,0.000000
lockfree,0,481,0.000000
lockfree,0,482,0.000000
lockfree,0,483,1.000000
lockfree,0,484,0.000000
lockfree,0,485,1.000000
lockfree,0,486,0.000000
lockfree,0,487,0.000000
lockfree,0,488,1.000000
lockfree,0,489,0.000000
lockfree,0,490,0.000000
lockfree,0,491,1.000000
lockfree,0,492,0.000000
lockfree,0,493,1.000000
lockfree,0,494,0.000000
lockfree,0,495,0.000000
lockfree,0,496,1.000000
lockfree,0,497,0.000000
lockfree,0,498,0.000000
lockfree,0,499,1.000000
lockfree,1,0,1.000000
lockfree,1,1,0.000000
lockfree,1,2,1.000000
lockfree,1,3,0.000000
lockfree,1,4,1.000000
lockfree,1,5,0.000000
lockfree,1,6,1.000000
lockfree,1,7,0.000000
lockfree,1,8,1.000000
lockfree,1,9,0.000000
lockfree,1,10,1.000000
lockfree,1,11,0.000000
lockfree,1,12,0.000000
lockfree,1,13,1.000000
lockfree,1,14,0.000000
lockfree,1,15,1.000000
lockfree,1,16,0.000000
lockfree,1,17,1.000000
lockfree,1,18,0.000000
lockfree,1,19,0.000000
lockfree,1,20,1.000000
lockfree,1,21,0.000000
lockfree,1,22,1.000000
lockfree,1,23,0.000000
lockfree,1,24,1.000000
lockfree,1,25,0.000000
lockfree,1,26,0.000000
lockfree,1,27,0.000000
lockfree,1,28,1.000000
lockfree,1,29,0.000000
lockfree,1,30,0.000000
lockfree,1,31,0.000000
lockfree,1,32,1.000000
lockfree,1,33,0.000000
lockfree,1,34,0.000000
lockfree,1,35,0.000000
lockfree,1,36,0.000000
lockfree,1,37,0.000000
lockfree,1,38,0.000000
lockfree,1,39,0.000000
lockfree,1,40,0.000000
lockfree,1,41,1.000000
lockfree,1,42,0.000000
lockfree,1,43,0.000000
lockfree,1,44,0.000000
lockfree,1,45,0.000000
lockfree,1,46,1.000000
lockfree,1,47,0.000000
lockfree,1,48,0.000000
lockfree,1,49,0.000000
lockfree,1,50,0.000000
lockfree,1,51,1.000000
lockfree,1,52,0.000000
lockfree,1,53,0.000000
lockfree,1,54,0.000000
lockfree,1,55,0.000000
lockfree,1,56,0.000000
lockfree,1,57,0.000000
lockfree,1,58,0.000000
lockfree,1,59,1.000000
lockfree,1,60,0.000000
lockfree,1,61,0.000000
lockfree,1,62,0.000000
lockfree,1,63,1.000000
lockfree,1,64,0.000000
lockfree,1,65,0.000000
lockfree,1,66,0.000000
lockfree,1,67,0.000000
lockfree,1,68,1.000000
lockfree,1,69,0.000000
lockfree,1,70,0.000000
lockfree,1,71,0.000000
lockfree,1,72,0.000000
lockfree,1,73,0.000000
lockfree,1,74,0.000000
lockfree,1,75,0.000000
lockfree,1,76,1.000000
lockfree,1,77,0.000000
lockfree,1,78,0.000000
lockfree,1,79,0.000000
lockfree,1,80,1.000000
lockfree,1,81,0.000000
lockfree,1,82,0.000000
lockfree,1,83,1.000000
lockfree,1,84,0.000000
lockfree,1,85,0.000000
lockfree,1,86,0.000000
lockfree,1,87,1.000000
lockfree,1,88,0.000000
lockfree,1,89,0.000000
lockfree,1,90,0.000000
lockfree,1,91,1.000000
lockfree,1,92,0.000000
lockfree,1,93,0.000000
lockfree,1,94,0.000000
lockfree,1,95,0.000000
lockfree,1,96,1.000000
lockfree,1,97,0.000000
lockfree,1,98,0.000000
lockfree,1,99,0.000000
lockfree,1,100,0.000000
lockfree,1,101,0.000000
lockfree,1,102,0.000000
lockfree,1,103,0.000000
lockfree,1,104,0.000000
lockfree,1,105,1.000000
lockfree,1,106,0.000000
lockfree,1,107,0.000000
lockfree,1,108,0.000000
lockfree,1,109,1.000000
lockfree,1,110,0.000000
lockfree,1,111,0.000000
lockfree,1,112,0.000000
lockfree,1,113,0.000000
lockfree,1,114,1.000000
lockfree,1,115,0.000000
lockfree,1,116,0.000000
lockfree,1,117,0.000000
lockfree,1,118,0.000000
lockfree,1,119,0.000000
lockfree,1,120,0.000000
lockfree,1,121,0.000000
lockfree,1,122,0.000000
lockfree,1,123,1.000000
lockfree,1,124,0.000000
lockfree,1,125,0.000000
lockfree,1,126,0.000000
lockfree,1,127,0.000000
lockfree,1,128,1.000000
lockfree,1,129,0.000000
lockfree,1,130,0.000000
lockfree,1,131,1.000000
lockfree,1,132,0.000000
lockfree,1,133,1.000000
lockfree,1,134,0.000000
lockfree,1,135,0.000000
lockfree,1,136,0.000000
lockfree,1,137,0.000000
lockfree,1,138,1.000000
lockfree,1,139,0.000000
lockfree,1,140,1.000000
lockfree,1,141,0.000000
lockfree,1,142,0.000000
lockfree,1,143,1.000000
lockfree,1,144,0.000000
lockfree,1,145,1.000000
lockfree,1,146,0.000000
lockfree,1,147,1.000000
lockfree,1,148,0.000000
lockfree,1,149,0.000000
lockfree,1,150,1.000000
lockfree,1,151,0.000000
lockfree,1,152,0.000000
lockfree,1,153,0.000000
lockfree,1,154,0.000000
lockfree,1,155,1.000000
lockfree,1,156,0.000000
lockfree,1,157,0.000000
lockfree,1,158,1.000000
lockfree,1,159,0.000000
lockfree,1,160,1.000000
lockfree,1,161,0.000000
lockfree,1,162,0.000000
lockfree,1,163,1.000000
lockfree,1,164,0.000000
lockfree,1,165,1.000000
lockfree,1,166,0.000000
lockfree,1,167,0.000000
lockfree,1,168,1.000000
lockfree,1,169,0.000000
lockfree,1,170,1.000000
lockfree,1,171,0.000000
lockfree,1,172,0.000000
lockfree,1,173,1.000000
lockfree,1,174,0.000000
lockfree,1,175,0.000000
lockfree,1,176,1.000000
lockfree,1,177,0.000000
lockfree,1,178,1.000000
lockfree,1,179,0.000000
lockfree,1,180,1.000000
lockfree,1,181,0.000000
lockfree,1,182,0.000000
lockfree,1,183,1.000000
lockfree,1,184,0.000000
lockfree,1,185,0.000000
lockfree,1,186,0.000000
lockfree,1,187,0.000000
lockfree,1,188,1.000000
lockfree,1,189,0.000000
lockfree,1,190,0.000000
lockfree,1,191,1.000000
lockfree,1,192,0.000000
lockfree,1,193,0.000000
lockfree,1,194,1.000000
lockfree,1,195,0.000000
lockfree,1,196,1.000000
lockfree,1,197,0.000000
lockfree,1,198,0.000000
lockfree,1,199,1.000000
lockfree,1,200,0.000000
lockfree,1,201,1.000000
lockfree,1,202,0.000000
lockfree,1,203,0.000000
lockfree,1,204,1.000000
lockfree,1,205,0.000000
lockfree,1,206,1.000000
lockfree,1,207,0.000000
lockfree,1,208,0.000000
lockfree,1,209,1.000000
lockfree,1,210,0.000000
lockfree,1,211,0.000000
lockfree,1,212,1.000000
lockfree,1,213,0.000000
lockfree,1,214,1.000000
lockfree,1,215,0.000000
lockfree,1,216,0.000000
lockfree,1,217,0.000000
lockfree,1,218,0.000000
lockfree,1,219,1.000000
lockfree,1,220,0.000000
lockfree,1,221,0.000000
lockfree,1,222,1.000000
lockfree,1,223,0.000000
lockfree,1,224,1.000000
lockfree,1,225,0.000000
lockfree,1,226,1.000000
lockfree,1,227,0.000000
lockfree,1,228,0.000000
lockfree,1,229,1.000000
lockfree,1,230,0.000000
lockfree,1,231,0.000000
lockfree,1,232,1.000000
lockfree,1,233,0.000000
lockfree,1,234,1.000000
lockfree,1,235,0.000000
lockfree,1,236,0.000000
lockfree,1,237,1.000000
lockfree,1,238,0.000000
lockfree,1,239,0.000000
lockfree,1,240,1.000000
lockfree,1,241,0.000000
lockfree,1,242,1.000000
lockfree,1,243,0.000000
lockfree,1,244,0.000000
lockfree,1,245,0.000000
lockfree,1,246,0.000000
lockfree,1,247,1.000000
lockfree,1,248,0.000000
lockfree,1,249,0.000000
lockfree,1,250,0.000000
lockfree,1,251,0.000000
lockfree,1,252,1.000000
lockfree,1,253,0.000000
lockfree,1,254,0.000000
lockfree,1,255,1.000000
lockfree,1,256,0.000000
lockfree,1,257,1.000000
lockfree,1,258,0.000000
lockfree,1,259,0.000000
lockfree,1,260,1.000000
lockfree,1,261,0.000000
lockfree,1,262,1.000000
lockfree,1,263,0.000000
lockfree,1,264,0.000000
lockfree,1,265,1.000000
lockfree,1,266,0.000000
lockfree,1,267,0.000000
lockfree,1,268,0.000000
lockfree,1,269,0.000000
lockfree,1,270,1.000000
lockfree,1,271,0.000000
lockfree,1,272,0.000000
lockfree,1,273,1.000000
lockfree,1,274,0.000000
lockfree,1,275,0.000000
lockfree,1,276,0.000000
lockfree,1,277,0.000000
lockfree,1,278,1.000000
lockfree,1,279,0.000000
lockfree,1,280,0.000000
lockfree,1,281,1.000000
lockfree,1,282,0.000000
lockfree,1,283,1.000000
lockfree,1,284,0.000000
lockfree,1,285,0.000000
lockfree,1,286,1.000000
lockfree,1,287,0.000000
lockfree,1,288,0.000000
lockfree,1,289,0.000000
lockfree,1,290,0.000000
lockfree,1,291,1.000000
lockfree,1,292,0.000000
lockfree,1,293,0.000000
lockfree,1,294,1.000000
lockfree,1,295,0.000000
lockfree,1,296,1.000000
lockfree,1,297,0.000000
lockfree,1,298,0.000000
lockfree,1,299,1.000000
lockfree,1,300,0.000000
lockfree,1,301,0.000000
lockfree,1,302,1.000000
lockfree,1,303,0.000000
lockfree,1,304,1.000000
lockfree,1,305,0.000000
lockfree,1,306,1.000000
lockfree,1,307,0.000000
lockfree,1,308,0.000000
lockfree,1,309,0.000000
lockfree,1,310,0.000000
lockfree,1,311,1.000000
lockfree,1,312,0.000000
lockfree,1,313,0.000000
lockfree,1,314,1.000000
lockfree,1,315,0.000000
lockfree,1,316,1.000000
lockfree,1,317,0.000000
lockfree,1,318,1.000000
lockfree,1,319,0.000000
lockfree,1,320,1.000000
lockfree,1,321,0.000000
lockfree,1,322,0.000000
lockfree,1,323,1.000000
lockfree,1,324,0.000000
lockfree,1,325,0.000000
lockfree,1,326,1.000000
lockfree,1,327,0.000000
lockfree,1,328,1.000000
lockfree,1,329,0.000000
lockfree,1,330,0.000000
lockfree,1,331,1.000000
lockfree,1,332,0.000000
lockfree,1,333,1.000000
lockfree,1,334,0.000000
lockfree,1,335,0.000000
lockfree,1,336,0.000000
lockfree,1,337,0.000000
lockfree,1,338,1.000000
lockfree,1,339,0.000000
lockfree,1,340,0.000000
lockfree,1,341,1.000000
lockfree,1,342,0.000000
lockfree,1,343,1.000000
lockfree,1,344,0.000000
lockfree,1,345,1.000000
lockfree,1,346,0.000000
lockfree,1,347,1.000000
lockfree,1,348,0.000000
lockfree,1,349,0.000000
lockfree,1,350,1.000000
lockfree,1,351,0.000000
lockfree,1,352,0.000000
lockfree,1,353,1.000000
lockfree,1,354,0.000000
lockfree,1,355,1.000000
lockfree,1,356,0.000000
lockfree,1,357,1.000000
lockfree,1,358,0.000000
lockfree,1,359,1.000000
lockfree,1,360,0.000000
lockfree,1,361,1.000000
lockfree,1,362,0.000000
lockfree,1,363,0.000000
lockfree,1,364,1.000000
lockfree,1,365,0.000000
lockfree,1,366,0.000000
lockfree,1,367,1.000000
lockfree,1,368,0.000000
lockfree,1,369,0.000000
lockfree,1,370,0.000000
lockfree,1,371,0.000000
lockfree,1,372,1.000000
lockfree,1,373,0.000000
lockfree,1,374,0.000000
lockfree,1,375,1.000000
lockfree,1,376,0.000000
lockfree,1,377,1.000000
lockfree,1,378,0.000000
lockfree,1,379,0.000000
lockfree,1,380,1.000000
lockfree,1,381,0.000000
lockfree,1,382,0.000000
lockfree,1,383,0.000000
lockfree,1,384,0.000000
lockfree,1,385,1.000000
lockfree,1,386,0.000000
lockfree,1,387,1.000000
lockfree,1,388,0.000000
lockfree,1,389,1.000000
lockfree,1,390,0.000000
lockfree,1,391,0.000000
lockfree,1,392,0.000000
lockfree,1,393,0.000000
lockfree,1,394,0.000000
lockfree,1,395,0.000000
lockfree,1,396,1.000000
lockfree,1,397,0.000000
lockfree,1,398,0.000000
lockfree,1,399,1.000000
lockfree,1,400,0.000000
lockfree,1,401,1.000000
lockfree,1,402,0.000000
lockfree,1,403,1.000000
lockfree,1,404,0.000000
lockfree,1,405,0.000000
lockfree,1,406,1.000000
lockfree,1,407,0.000000
lockfree,1,408,0.000000
lockfree,1,409,1.000000
lockfree,1,410,0.000000
lockfree,1,411,1.000000
lockfree,1,412,0.000000
lockfree,1,413,0.000000
lockfree,1,414,1.000000
lockfree,1,415,0.000000
lockfree,1,416,1.000000
lockfree,1,417,0.000000
lockfree,1,418,1.000000
lockfree,1,419,0.000000
lockfree,1,420,0.000000
lockfree,1,421,0.000000
lockfree,1,422,0.000000
lockfree,1,423,1.000000
lockfree,1,424,0.000000
lockfree,1,425,0.000000
lockfree,1,426,1.000000
lockfree,1,427,0.000000
lockfree,1,428,1.000000
lockfree,1,429,0.000000
lockfree,1,430,0.000000
lockfree,1,431,1.000000
lockfree,1,432,0.000000
lockfree,1,433,0.000000
lockfree,1,434,0.000000
lockfree,1,435,0.000000
lockfree,1,436,0.000000
lockfree,1,437,0.000000
lockfree,1,438,0.000000
lockfree,1,439,1.000000
lockfree,1,440,0.000000
lockfree,1,441,0.000000
lockfree,1,442,1.000000
lockfree,1,443,0.000000
lockfree,1,444,1.000000
lockfree,1,445,0.000000
lockfree,1,446,0.000000
lockfree,1,447,1.000000
lockfree,1,448,0.000000
lockfree,1,449,1.000000
lockfree,1,450,0.000000
lockfree,1,451,0.000000
lockfree,1,452,1.000000
lockfree,1,453,0.000000
lockfree,1,454,0.000000
lockfree,1,455,1.000000
lockfree,1,456,0.000000
lockfree,1,457,1.000000
lockfree,1,458,0.000000
lockfree,1,459,1.000000
lockfree,1,460,0.000000
lockfree,1,461,0.000000
lockfree,1,462,1.000000
lockfree,1,463,0.000000
lockfree,1,464,0.000000
lockfree,1,465,1.000000
lockfree,1,466,0.000000
lockfree,1,467,0.000000
lockfree,1,468,1.000000
lockfree,1,469,0.000000
lockfree,1,470,1.000000
lockfree,1,471,0.000000
lockfree,1,472,0.000000
lockfree,1,473,1.000000
lockfree,1,474,0.000000
lockfree,1,475,0.000000
lockfree,1,476,0.000000
lockfree,1,477,0.000000
lockfree,1,478,0.000000
lockfree,1,479,0.000000
lockfree,1,480,0.000000
lockfree,1,481,1.000000
lockfree,1,482,0.000000
lockfree,1,483,1.000000
lockfree,1,484,0.000000
lockfree,1,485,0.000000
lockfree,1,486,1.000000
lockfree,1,487,0.000000
lockfree,1,488,0.000000
lockfree,1,489,0.000000
lockfree,1,490,0.000000
lockfree,1,491,0.000000
lockfree,1,492,0.000000
lockfree,1,493,0.000000
lockfree,1,494,1.000000
lockfree,1,495,0.000000
lockfree,1,496,1.000000
lockfree,1,497,0.000000
lockfree,1,498,0.000000
lockfree,1,499,1.000000
lockfree,2,0,0.000000
lockfree,2,1,1.000000
lockfree,2,2,0.000000
lockfree,2,3,0.000000
lockfree,2,4,0.000000
lockfree,2,5,1.000000
lockfree,2,6,0.000000
lockfree,2,7,0.000000
lockfree,2,8,1.000000
lockfree,2,9,0.000000
lockfree,2,10,1.000000
lockfree,2,11,0.000000
lockfree,2,12,1.000000
lockfree,2,13,0.000000
lockfree,2,14,0.000000
lockfree,2,15,1.000000
lockfree,2,16,0.000000
lockfree,2,17,1.000000
lockfree,2,18,0.000000
lockfree,2,19,0.000000
lockfree,2,20,0.000000
lockfree,2,21,0.000000
lockfree,2,22,1.000000
lockfree,2,23,0.000000
lockfree,2,24,0.000000
lockfree,2,25,1.000000
lockfree,2,26,0.000000
lockfree,2,27,1.000000
lockfree,2,28,0.000000
lockfree,2,29,0.000000
lockfree,2,30,1.000000
lockfree,2,31,0.000000
lockfree,2,32,1.000000
lockfree,2,33,0.000000
lockfree,2,34,0.000000
lockfree,2,35,1.000000
lockfree,2,36,0.000000
lockfree,2,37,0.000000
lockfree,2,38,1.000000
lockfree,2,39,0.000000
lockfree,2,40,1.000000
lockfree,2,41,0.000000
lockfree,2,42,1.000000
lockfree,2,43,0.000000
lockfree,2,44,0.000000
lockfree,2,45,1.000000
lockfree,2,46,0.000000
lockfree,2,47,0.000000
lockfree,2,48,0.000000
lockfree,2,49,0.000000
lockfree,2,50,1.000000
lockfree,2,51,0.000000
lockfree,2,52,0.000000
lockfree,2,53,1.000000
lockfree,2,54,0.000000
lockfree,2,55,1.000000
lockfree,2,56,0.000000
lockfree,2,57,0.000000
lockfree,2,58,1.000000
lockfree,2,59,0.000000
lockfree,2,60,0.000000
lockfree,2,61,0.000000
lockfree,2,62,0.000000
lockfree,2,63,1.000000
lockfree,2,64,0.000000
lockfree,2,65,0.000000
lockfree,2,66,1.000000
lockfree,2,67,0.000000
lockfree,2,68,1.000000
lockfree,2,69,0.000000
lockfree,2,70,0.000000
lockfree,2,71,1.000000
lockfree,2,72,0.000000
lockfree,2,73,0.000000
lockfree,2,74,0.000000
lockfree,2,75,0.000000
lockfree,2,76,1.000000
lockfree,2,77,0.000000
lockfree,2,78,0.000000
lockfree,2,79,0.000000
lockfree,2,80,0.000000
lockfree,2,81,1.000000
lockfree,2,82,0.000000
lockfree,2,83,0.000000
lockfree,2,84,1.000000
lockfree,2,85,0.000000
lockfree,2,86,1.000000
lockfree,2,87,0.000000
lockfree,2,88,0.000000
lockfree,2,89,1.000000
lockfree,2,90,0.000000
lockfree,2,91,1.000000
lockfree,2,92,0.000000
lockfree,2,93,0.000000
lockfree,2,94,0.000000
lockfree,2,95,0.000000
lockfree,2,96,1.000000
lockfree,2,97,0.000000
lockfree,2,98,1.000000
lockfree,2,99,0.000000
lockfree,2,100,0.000000
lockfree,2,101,1.000000
lockfree,2,102,0.000000
lockfree,2,103,0.000000
lockfree,2,104,1.000000
lockfree,2,105,0.000000
lockfree,2,106,1.000000
lockfree,2,107,0.000000
lockfree,2,108,0.000000
lockfree,2,109,1.000000
lockfree,2,110,0.000000
lockfree,2,111,0.000000
lockfree,2,112,1.000000
lockfree,2,113,0.000000
lockfree,2,114,1.000000
lockfree,2,115,0.000000
lockfree,2,116,0.000000
lockfree,2,117,1.000000
lockfree,2,118,0.000000
lockfree,2,119,1.000000
lockfree,2,120,0.000000
lockfree,2,121,0.000000
lockfree,2,122,1.000000
lockfree,2,123,0.000000
lockfree,2,124,1.000000
lockfree,2,125,0.000000
lockfree,2,126,0.000000
lockfree,2,127,1.000000
lockfree,2,128,0.000000
lockfree,2,129,1.000000
lockfree,2,130,0.000000
lockfree,2,131,0.000000
lockfree,2,132,1.000000
lockfree,2,133,0.000000
lockfree,2,134,1.000000
lockfree,2,135,0.000000
lockfree,2,136,0.000000
lockfree,2,137,1.000000
lockfree,2,138,0.000000
lockfree,2,139,0.000000
lockfree,2,140,0.000000
lockfree,2,141,0.000000
lockfree,2,142,1.000000
lockfree,2,143,0.000000
lockfree,2,144,0.000000
lockfree,2,145,1.000000
lockfree,2,146,0.000000
lockfree,2,147,0.000000
lockfree,2,148,0.000000
lockfree,2,149,0.000000
lockfree,2,150,1.000000
lockfree,2,151,0.000000
lockfree,2,152,0.000000
lockfree,2,153,1.000000
lockfree,2,154,0.000000
lockfree,2,155,1.000000
lockfree,2,156,0.000000
lockfree,2,157,0.000000
lockfree,2,158,1.000000
lockfree,2,159,0.000000
lockfree,2,160,0.000000
lockfree,2,161,1.000000
lockfree,2,162,0.000000
lockfree,2,163,1.000000
lockfree,2,164,0.000000
lockfree,2,165,0.000000
lockfree,2,166,1.000000
lockfree,2,167,0.000000
lockfree,2,168,1.000000
lockfree,2,169,0.000000
lockfree,2,170,1.000000
lockfree,2,171,0.000000
lockfree,2,172,0.000000
lockfree,2,173,1.000000
lockfree,2,174,0.000000
lockfree,2,175,1.000000
lockfree,2,176,0.000000
lockfree,2,177,1.000000
lockfree,2,178,0.000000
lockfree,2,179,0.000000
lockfree,2,180,1.000000
lockfree,2,181,0.000000
lockfree,2,182,1.000000
lockfree,2,183,0.000000
lockfree,2,184,1.000000
lockfree,2,185,0.000000
lockfree,2,186,0.000000
lockfree,2,187,1.000000
lockfree,2,188,0.000000
lockfree,2,189,1.000000
lockfree,2,190,0.000000
lockfree,2,191,0.000000
lockfree,2,192,1.000000
lockfree,2,193,0.000000
lockfree,2,194,1.000000
lockfree,2,195,0.000000
lockfree,2,196,0.000000
lockfree,2,197,1.000000
lockfree,2,198,0.000000
lockfree,2,199,1.000000
lockfree,2,200,0.000000
lockfree,2,201,0.000000
lockfree,2,202,0.000000
lockfree,2,203,0.000000
lockfree,2,204,1.000000
lockfree,2,205,0.000000
lockfree,2,206,0.000000
lockfree,2,207,1.000000
lockfree,2,208,0.000000
lockfree,2,209,1.000000
lockfree,2,210,0.000000
lockfree,2,211,0.000000
lockfree,2,212,1.000000
lockfree,2,213,0.000000
lockfree,2,214,0.000000
lockfree,2,215,0.000000
lockfree,2,216,1.000000
lockfree,2,217,0.000000
lockfree,2,218,1.000000
lockfree,2,219,0.000000
lockfree,2,220,1.000000
lockfree,2,221,0.000000
lockfree,2,222,0.000000
lockfree,2,223,1.000000
lockfree,2,224,0.000000
lockfree,2,225,1.000000
lockfree,2,226,0.000000
lockfree,2,227,0.000000
lockfree,2,228,0.000000
lockfree,2,229,0.000000
lockfree,2,230,1.000000
lockfree,2,231,0.000000
lockfree,2,232,0.000000
lockfree,2,233,1.000000
lockfree,2,234,0.000000
lockfree,2,235,0.000000
lockfree,2,236,0.000000
lockfree,2,237,0.000000
lockfree,2,238,1.000000
lockfree,2,239,0.000000
lockfree,2,240,0.000000
lockfree,2,241,1.000000
lockfree,2,242,0.000000
lockfree,2,243,1.000000
lockfree,2,244,0.000000
lockfree,2,245,0.000000
lockfree,2,246,1.000000
lockfree,2,247,0.000000
lockfree,2,248,0.000000
lockfree,2,249,0.000000
lockfree,2,250,0.000000
lockfree,2,251,1.000000
lockfree,2,252,0.000000
lockfree,2,253,0.000000
lockfree,2,254,1.000000
lockfree,2,255,1.000000
lockfree,2,256,0.000000
lockfree,2,257,1.000000
lockfree,2,258,0.000000
lockfree,2,259,0.000000
lockfree,2,260,1.000000
lockfree,2,261,0.000000
lockfree,2,262,1.000000
lockfree,2,263,0.000000
lockfree,2,264,0.000000
lockfree,2,265,1.000000
lockfree,2,266,0.000000
lockfree,2,267,1.000000
lockfree,2,268,0.000000
lockfree,2,269,0.000000
lockfree,2,270,1.000000
lockfree,2,271,0.000000
lockfree,2,272,1.000000
lockfree,2,273,0.000000
lockfree,2,274,0.000000
lockfree,2,275,1.000000
lockfree,2,276,0.000000
lockfree,2,277,1.000000
lockfree,2,278,0.000000
lockfree,2,279,0.000000
lockfree,2,280,1.000000
lockfree,2,281,0.000000
lockfree,2,282,1.000000
lockfree,2,283,0.000000
lockfree,2,284,1.000000
lockfree,2,285,0.000000
lockfree,2,286,1.000000
lockfree,2,287,0.000000
lockfree,2,288,1.000000
lockfree,2,289,0.000000
lockfree,2,290,0.000000
lockfree,2,291,1.000000
lockfree,2,292,0.000000
lockfree,2,293,1.000000
lockfree,2,294,0.000000
lockfree,2,295,0.000000
lockfree,2,296,0.000000
lockfree,2,297,0.000000
lockfree,2,298,1.000000
lockfree,2,299,0.000000
lockfree,2,300,0.000000
lockfree,2,301,1.000000
lockfree,2,302,0.000000
lockfree,2,303,1.000000
lockfree,2,304,1.000000
lockfree,2,305,0.000000
lockfree,2,306,1.000000
lockfree,2,307,0.000000
lockfree,2,308,0.000000
lockfree,2,309,1.000000
lockfree,2,310,0.000000
lockfree,2,311,1.000000
lockfree,2,312,0.000000
lockfree,2,313,0.000000
lockfree,2,314,1.000000
lockfree,2,315,0.000000
lockfree,2,316,1.000000
lockfree,2,317,0.000000
lockfree,2,318,0.000000
lockfree,2,319,0.000000
lockfree,2,320,0.000000
lockfree,2,321,0.000000
lockfree,2,322,0.000000
lockfree,2,323,1.000000
lockfree,2,324,1.000000
lockfree,2,325,0.000000
lockfree,2,326,1.000000
lockfree,2,327,0.000000
lockfree,2,328,1.000000
lockfree,2,329,0.000000
lockfree,2,330,1.000000
lockfree,2,331,0.000000
lockfree,2,332,0.000000
lockfree,2,333,1.000000
lockfree,2,334,0.000000
lockfree,2,335,0.000000
lockfree,2,336,1.000000
lockfree,2,337,0.000000
lockfree,2,338,1.000000
lockfree,2,339,0.000000
lockfree,2,340,0.000000
lockfree,2,341,1.000000
lockfree,2,342,0.000000
lockfree,2,343,1.000000
lockfree,2,344,0.000000
lockfree,2,345,0.000000
lockfree,2,346,1.000000
lockfree,2,347,1.000000
lockfree,2,348,0.000000
lockfree,2,349,0.000000
lockfree,2,350,0.000000
lockfree,2,351,0.000000
lockfree,2,352,1.000000
lockfree,2,353,0.000000
lockfree,2,354,0.000000
lockfree,2,355,1.000000
lockfree,2,356,0.000000
lockfree,2,357,0.000000
lockfree,2,358,0.000000
lockfree,2,359,0.000000
lockfree,2,360,0.000000
lockfree,2,361,0.000000
lockfree,2,362,0.000000
lockfree,2,363,0.000000
lockfree,2,364,0.000000
lockfree,2,365,1.000000
lockfree,2,366,0.000000
lockfree,2,367,0.000000
lockfree,2,368,1.000000
lockfree,2,369,0.000000
lockfree,2,370,0.000000
lockfree,2,371,0.000000
lockfree,2,372,0.000000
lockfree,2,373,0.000000
lockfree,2,374,0.000000
lockfree,2,375,0.000000
lockfree,2,376,1.000000
lockfree,2,377,0.000000
lockfree,2,378,0.000000
lockfree,2,379,1.000000
lockfree,2,380,0.000000
lockfree,2,381,0.000000
lockfree,2,382,0.000000
lockfree,2,383,0.000000
lockfree,2,384,0.000000
lockfree,2,385,0.000000
lockfree,2,386,1.000000
lockfree,2,387,0.000000
lockfree,2,388,0.000000
lockfree,2,389,1.000000
lockfree,2,390,0.000000
lockfree,2,391,0.000000
lockfree,2,392,0.000000
lockfree,2,393,1.000000
lockfree,2,394,0.000000
lockfree,2,395,0.000000
lockfree,2,396,0.000000
lockfree,2,397,1.000000
lockfree,2,398,0.000000
lockfree,2,399,0.000000
lockfree,2,400,0.000000
lockfree,2,401,1.000000
lockfree,2,402,0.000000
lockfree,2,403,0.000000
lockfree,2,404,0.000000
lockfree,2,405,0.000000
lockfree,2,406,0.000000
lockfree,2,407,1.000000
lockfree,2,408,0.000000
lockfree,2,409,0.000000
lockfree,2,410,0.000000
lockfree,2,411,1.000000
lockfree,2,412,0.000000
lockfree,2,413,0.000000
lockfree,2,414,0.000000
lockfree,2,415,0.000000
lockfree,2,416,0.000000
lockfree,2,417,0.000000
lockfree,2,418,0.000000
lockfree,2,419,0.000000
lockfree,2,420,0.000000
lockfree,2,421,0.000000
lockfree,2,422,0.000000
lockfree,2,423,1.000000
lockfree,2,424,0.000000
lockfree,2,425,0.000000
lockfree,2,426,0.000000
lockfree,2,427,0.000000
lockfree,2,428,1.000000
lockfree,2,429,0.000000
lockfree,2,430,1.000000
lockfree,2,431,0.000000
lockfree,2,432,0.000000
lockfree,2,433,1.000000
lockfree,2,434,0.000000
lockfree,2,435,0.000000
lockfree,2,436,0.000000
lockfree,2,437,1.000000
lockfree,2,438,0.000000
lockfree,2,439,0.000000
lockfree,2,440,0.000000
lockfree,2,441,1.000000
lockfree,2,442,0.000000
lockfree,2,443,0.000000
lockfree,2,444,0.000000
lockfree,2,445,1.000000
lockfree,2,446,0.000000
lockfree,2,447,0.000000
lockfree,2,448,1.000000
lockfree,2,449,0.000000
lockfree,2,450,0.000000
lockfree,2,451,1.000000
lockfree,2,452,0.000000
lockfree,2,453,0.000000
lockfree,2,454,1.000000
lockfree,2,455,0.000000
lockfree,2,456,0.000000
lockfree,2,457,0.000000
lockfree,2,458,1.000000
lockfree,2,459,0.000000
lockfree,2,460,1.000000
lockfree,2,461,0.000000
lockfree,2,462,0.000000
lockfree,2,463,0.000000
lockfree,2,464,1.000000
lockfree,2,465,0.000000
lockfree,2,466,0.000000
lockfree,2,467,1.000000
lockfree,2,468,0.000000
lockfree,2,469,0.000000
lockfree,2,470,0.000000
lockfree,2,471,0.000000
lockfree,2,472,0.000000
lockfree,2,473,0.000000
lockfree,2,474,0.000000
lockfree,2,475,0.000000
lockfree,2,476,0.000000
lockfree,2,477,0.000000
lockfree,2,478,1.000000
lockfree,2,479,0.000000
lockfree,2,480,0.000000
lockfree,2,481,1.000000
lockfree,2,482,0.000000
lockfree,2,483,0.000000
lockfree,2,484,0.000000
lockfree,2,485,0.000000
lockfree,2,486,0.000000
lockfree,2,487,1.000000
lockfree,2,488,0.000000
lockfree,2,489,0.000000
lockfree,2,490,0.000000
lockfree,2,491,1.000000
lockfree,2,492,0.000000
lockfree,2,493,0.000000
lockfree,2,494,0.000000
lockfree,2,495,1.000000
lockfree,2,496,0.000000
lockfree,2,497,0.000000
lockfree,2,498,0.000000
lockfree,2,499,0.000000
lockfree,3,0,0.000000
lockfree,3,1,1.000000
lockfree,3,2,0.000000
lockfree,3,3,1.000000
lockfree,3,4,0.000000
lockfree,3,5,0.000000
lockfree,3,6,1.000000
lockfree,3,7,0.000000
lockfree,3,8,0.000000
lockfree,3,9,1.000000
lockfree,3,10,0.000000
lockfree,3,11,0.000000
lockfree,3,12,1.000000
lockfree,3,13,0.000000
lockfree,3,14,0.000000
lockfree,3,15,0.000000
lockfree,3,16,0.000000
lockfree,3,17,1.000000
lockfree,3,18,0.000000
lockfree,3,19,1.000000
lockfree,3,20,0.000000
lockfree,3,21,0.000000
lockfree,3,22,1.000000
lockfree,3,23,0.000000
lockfree,3,24,1.000000
lockfree,3,25,0.000000
lockfree,3,26,0.000000
lockfree,3,27,1.000000
lockfree,3,28,0.000000
lockfree,3,29,1.000000
lockfree,3,30,0.000000
lockfree,3,31,0.000000
lockfree,3,32,1.000000
lockfree,3,33,0.000000
lockfree,3,34,1.000000
lockfree,3,35,0.000000
lockfree,3,36,1.000000
lockfree,3,37,0.000000
lockfree,3,38,0.000000
lockfree,3,39,1.000000
lockfree,3,40,0.000000
lockfree,3,41,1.000000
lockfree,3,42,0.000000
lockfree,3,43,0.000000
lockfree,3,44,1.000000
lockfree,3,45,0.000000
lockfree,3,46,0.000000
lockfree,3,47,1.000000
lockfree,3,48,0.000000
lockfree,3,49,1.000000
lockfree,3,50,0.000000
lockfree,3,51,0.000000
lockfree,3,52,1.000000
lockfree,3,53,0.000000
lockfree,3,54,0.000000
lockfree,3,55,1.000000
lockfree,3,56,0.000000
lockfree,3,57,1.000000
lockfree,3,58,0.000000
lockfree,3,59,1.000000
lockfree,3,60,0.000000
lockfree,3,61,0.000000
lockfree,3,62,0.000000
lockfree,3,63,0.000000
lockfree,3,64,1.000000
lockfree,3,65,0.000000
lockfree,3,66,0.000000
lockfree,3,67,1.000000
lockfree,3,68,0.000000
lockfree,3,69,0.000000
lockfree,3,70,1.000000
lockfree,3,71,0.000000
lockfree,3,72,1.000000
lockfree,3,73,0.000000
lockfree,3,74,0.000000
lockfree,3,75,1.000000
lockfree,3,76,0.000000
lockfree,3,77,1.000000
lockfree,3,78,0.000000
lockfree,3,79,0.000000
lockfree,3,80,1.000000
lockfree,3,81,0.000000
lockfree,3,82,0.000000
lockfree,3,83,1.000000
lockfree,3,84,0.000000
lockfree,3,85,1.000000
lockfree,3,86,0.000000
lockfree,3,87,0.000000
lockfree,3,88,1.000000
lockfree,3,89,0.000000
lockfree,3,90,0.000000
lockfree,3,91,0.000000
lockfree,3,92,0.000000
lockfree,3,93,1.000000
lockfree,3,94,0.000000
lockfree,3,95,0.000000
lockfree,3,96,1.000000
lockfree,3,97,0.000000
lockfree,3,98,1.000000
lockfree,3,99,0.000000
lockfree,3,100,0.000000
lockfree,3,101,1.000000
lockfree,3,102,0.000000
lockfree,3,103,0.000000
lockfree,3,104,1.000000
lockfree,3,105,0.000000
lockfree,3,106,1.000000
lockfree,3,107,0.000000
lockfree,3,108,0.000000
lockfree,3,109,1.000000
lockfree,3,110,0.000000
lockfree,3,111,0.000000
lockfree,3,112,0.000000
lockfree,3,113,0.000000
lockfree,3,114,1.000000
lockfree,3,115,0.000000
lockfree,3,116,0.000000
lockfree,3,117,1.000000
lockfree,3,118,0.000000
lockfree,3,119,1.000000
lockfree,3,120,0.000000
lockfree,3,121,0.000000
lockfree,3,122,1.000000
lockfree,3,123,0.000000
lockfree,3,124,0.000000
lockfree,3,125,0.000000
lockfree,3,126,0.000000
lockfree,3,127,1.000000
lockfree,3,128,0.000000
lockfree,3,129,0.000000
lockfree,3,130,1.000000
lockfree,3,131,0.000000
lockfree,3,132,0.000000
lockfree,3,133,0.000000
lockfree,3,134,0.000000
lockfree,3,135,1.000000
lockfree,3,136,0.000000
lockfree,3,137,0.000000
lockfree,3,138,1.000000
lockfree,3,139,0.000000
lockfree,3,140,1.000000
lockfree,3,141,0.000000
lockfree,3,142,0.000000
lockfree,3,143,1.000000
lockfree,3,144,0.000000
lockfree,3,145,0.000000
lockfree,3,146,1.000000
lockfree,3,147,0.000000
lockfree,3,148,1.000000
lockfree,3,149,0.000000
lockfree,3,150,0.000000
lockfree,3,151,1.000000
lockfree,3,152,0.000000
lockfree,3,153,0.000000
lockfree,3,154,1.000000
lockfree,3,155,0.000000
lockfree,3,156,0.000000
lockfree,3,157,0.000000
lockfree,3,158,0.000000
lockfree,3,159,1.000000
lockfree,3,160,0.000000
lockfree,3,161,0.000000
lockfree,3,162,1.000000
lockfree,3,163,0.000000
lockfree,3,164,1.000000
lockfree,3,165,0.000000
lockfree,3,166,0.000000
lockfree,3,167,0.000000
lockfree,3,168,0.000000
lockfree,3,169,1.000000
lockfree,3,170,0.000000
lockfree,3,171,0.000000
lockfree,3,172,1.000000
lockfree,3,173,0.000000
lockfree,3,174,0.000000
lockfree,3,175,1.000000
lockfree,3,176,0.000000
lockfree,3,177,1.000000
lockfree,3,178,0.000000
lockfree,3,179,0.000000
lockfree,3,180,1.000000
lockfree,3,181,0.000000
lockfree,3,182,0.000000
lockfree,3,183,0.000000
lockfree,3,184,0.000000
lockfree,3,185,1.000000
lockfree,3,186,0.000000
lockfree,3,187,0.000000
lockfree,3,188,1.000000
lockfree,3,189,0.000000
lockfree,3,190,0.000000
lockfree,3,191,1.000000
lockfree,3,192,0.000000
lockfree,3,193,1.000000
lockfree,3,194,0.000000
lockfree,3,195,0.000000
lockfree,3,196,1.000000
lockfree,3,197,0.000000
lockfree,3,198,0.000000
lockfree,3,199,1.000000
lockfree,3,200,0.000000
lockfree,3,201,1.000000
lockfree,3,202,0.000000
lockfree,3,203,0.000000
lockfree,3,204,1.000000
lockfree,3,205,0.000000
lockfree,3,206,0.000000
lockfree,3,207,0.000000
lockfree,3,208,0.000000
lockfree,3,209,1.000000
lockfree,3,210,0.000000
lockfree,3,211,0.000000
lockfree,3,212,1.000000
lockfree,3,213,0.000000
lockfree,3,214,1.000000
lockfree,3,215,0.000000
lockfree,3,216,0.000000
lockfree,3,217,1.000000
lockfree,3,218,0.000000
lockfree,3,219,0.000000
lockfree,3,220,0.000000
lockfree,3,221,0.000000
lockfree,3,222,1.000000
lockfree,3,223,0.000000
lockfree,3,224,0.000000
lockfree,3,225,1.000000
lockfree,3,226,0.000000
lockfree,3,227,0.000000
lockfree,3,228,0.000000
lockfree,3,229,0.000000
lockfree,3,230,1.000000
lockfree,3,231,0.000000
lockfree,3,232,0.000000
lockfree,3,233,1.000000
lockfree,3,234,0.000000
lockfree,3,235,1.000000
lockfree,3,236,0.000000
lockfree,3,237,0.000000
lockfree,3,238,1.000000
lockfree,3,239,0.000000
lockfree,3,240,0.000000
lockfree,3,241,1.000000
lockfree,3,242,0.000000
lockfree,3,243,1.000000
lockfree,3,244,0.000000
lockfree,3,245,0.000000
lockfree,3,246,1.000000
lockfree,3,247,0.000000
lockfree,3,248,0.000000
lockfree,3,249,1.000000
lockfree,3,250,0.000000
lockfree,3,251,1.000000
lockfree,3,252,0.000000
lockfree,3,253,0.000000
lockfree,3,254,1.000000
lockfree,3,255,0.000000
lockfree,3,256,1.000000
lockfree,3,257,0.000000
lockfree,3,258,0.000000
lockfree,3,259,1.000000
lockfree,3,260,0.000000
lockfree,3,261,0.000000
lockfree,3,262,1.000000
lockfree,3,263,0.000000
lockfree,3,264,1.000000
lockfree,3,265,0.000000
lockfree,3,266,0.000000
lockfree,3,267,1.000000
lockfree,3,268,0.000000
lockfree,3,269,0.000000
lockfree,3,270,1.000000
lockfree,3,271,0.000000
lockfree,3,272,1.000000
lockfree,3,273,0.000000
lockfree,3,274,0.000000
lockfree,3,275,1.000000
lockfree,3,276,0.000000
lockfree,3,277,0.000000
lockfree,3,278,0.000000
lockfree,3,279,0.000000
lockfree,3,280,1.000000
lockfree,3,281,0.000000
lockfree,3,282,1.000000
lockfree,3,283,0.000000
lockfree,3,284,0.000000
lockfree,3,285,1.000000
lockfree,3,286,0.000000
lockfree,3,287,1.000000
lockfree,3,288,0.000000
lockfree,3,289,0.000000
lockfree,3,290,1.000000
lockfree,3,291,0.000000
lockfree,3,292,1.000000
lockfree,3,293,0.000000
lockfree,3,294,0.000000
lockfree,3,295,1.000000
lockfree,3,296,0.000000
lockfree,3,297,1.000000
lockfree,3,298,0.000000
lockfree,3,299,0.000000
lockfree,3,300,1.000000
lockfree,3,301,0.000000
lockfree,3,302,1.000000
lockfree,3,303,0.000000
lockfree,3,304,0.000000
lockfree,3,305,1.000000
lockfree,3,306,0.000000
lockfree,3,307,0.000000
lockfree,3,308,1.000000
lockfree,3,309,0.000000
lockfree,3,310,0.000000
lockfree,3,311,0.000000
lockfree,3,312,0.000000
lockfree,3,313,1.000000
lockfree,3,314,0.000000
lockfree,3,315,0.000000
lockfree,3,316,1.000000
lockfree,3,317,0.000000
lockfree,3,318,1.000000
lockfree,3,319,0.000000
lockfree,3,320,0.000000
lockfree,3,321,1.000000
lockfree,3,322,0.000000
lockfree,3,323,0.000000
lockfree,3,324,0.000000
lockfree,3,325,0.000000
lockfree,3,326,1.000000
lockfree,3,327,0.000000
lockfree,3,328,1.000000
lockfree,3,329,0.000000
lockfree,3,330,0.000000
lockfree,3,331,1.000000
lockfree,3,332,0.000000
lockfree,3,333,1.000000
lockfree,3,334,0.000000
lockfree,3,335,0.000000
lockfree,3,336,1.000000
lockfree,3,337,0.000000
lockfree,3,338,0.000000
lockfree,3,339,0.000000
lockfree,3,340,0.000000
lockfree,3,341,1.000000
lockfree,3,342,0.000000
lockfree,3,343,0.000000
lockfree,3,344,0.000000
lockfree,3,345,0.000000
lockfree,3,346,1.000000
lockfree,3,347,0.000000
lockfree,3,348,0.000000
lockfree,3,349,1.000000
lockfree,3,350,0.000000
lockfree,3,351,1.000000
lockfree,3,352,0.000000
lockfree,3,353,0.000000
lockfree,3,354,1.000000
lockfree,3,355,0.000000
lockfree,3,356,0.000000
lockfree,3,357,1.000000
lockfree,3,358,0.000000
lockfree,3,359,1.000000
lockfree,3,360,0.000000
lockfree,3,361,0.000000
lockfree,3,362,1.000000
lockfree,3,363,0.000000
lockfree,3,364,0.000000
lockfree,3,365,1.000000
lockfree,3,366,0.000000
lockfree,3,367,1.000000
lockfree,3,368,0.000000
lockfree,3,369,1.000000
lockfree,3,370,0.000000
lockfree,3,371,0.000000
lockfree,3,372,1.000000
lockfree,3,373,0.000000
lockfree,3,374,0.000000
lockfree,3,375,0.000000
lockfree,3,376,0.000000
lockfree,3,377,1.000000
lockfree,3,378,0.000000
lockfree,3,379,0.000000
lockfree,3,380,0.000000
lockfree,3,381,0.000000
lockfree,3,382,1.000000
lockfree,3,383,0.000000
lockfree,3,384,0.000000
lockfree,3,385,1.000000
lockfree,3,386,0.000000
lockfree,3,387,1.000000
lockfree,3,388,0.000000
lockfree,3,389,0.000000
lockfree,3,390,1.000000
lockfree,3,391,0.000000
lockfree,3,392,1.000000
lockfree,3,393,0.000000
lockfree,3,394,0.000000
lockfree,3,395,0.000000
lockfree,3,396,0.000000
lockfree,3,397,1.000000
lockfree,3,398,0.000000
lockfree,3,399,0.000000
lockfree,3,400,1.000000
lockfree,3,401,0.000000
lockfree,3,402,1.000000
lockfree,3,403,0.000000
lockfree,3,404,0.000000
lockfree,3,405,1.000000
lockfree,3,406,0.000000
lockfree,3,407,0.000000
lockfree,3,408,1.000000
lockfree,3,409,0.000000
lockfree,3,410,1.000000
lockfree,3,411,0.000000
lockfree,3,412,0.000000
lockfree,3,413,1.000000
lockfree,3,414,0.000000
lockfree,3,415,0.000000
lockfree,3,416,1.000000
lockfree,3,417,0.000000
lockfree,3,418,1.000000
lockfree,3,419,0.000000
lockfree,3,420,0.000000
lockfree,3,421,0.000000
lockfree,3,422,0.000000
lockfree,3,423,0.000000
lockfree,3,424,0.000000
lockfree,3,425,0.000000
lockfree,3,426,1.000000
lockfree,3,427,0.000000
lockfree,3,428,0.000000
lockfree,3,429,0.000000
lockfree,3,430,1.000000
lockfree,3,431,0.000000
lockfree,3,432,0.000000
lockfree,3,433,1.000000
lockfree,3,434,0.000000
lockfree,3,435,0.000000
lockfree,3,436,0.000000
lockfree,3,437,1.000000
lockfree,3,438,0.000000
lockfree,3,439,0.000000
lockfree,3,440,0.000000
lockfree,3,441,1.000000
lockfree,3,442,0.000000
lockfree,3,443,0.000000
lockfree,3,444,1.000000
lockfree,3,445,0.000000
lockfree,3,446,0.000000
lockfree,3,447,0.000000
lockfree,3,448,1.000000
lockfree,3,449,0.000000
lockfree,3,450,0.000000
lockfree,3,451,0.000000
lockfree,3,452,1.000000
lockfree,3,453,0.000000
lockfree,3,454,0.000000
lockfree,3,455,0.000000
lockfree,3,456,0.000000
lockfree,3,457,0.000000
lockfree,3,458,0.000000
lockfree,3,459,1.000000
lockfree,3,460,0.000000
lockfree,3,461,0.000000
lockfree,3,462,0.000000
lockfree,3,463,1.000000
lockfree,3,464,0.000000
lockfree,3,465,0.000000
lockfree,3,466,0.000000
lockfree,3,467,1.000000
lockfree,3,468,0.000000
lockfree,3,469,0.000000
lockfree,3,470,0.000000
lockfree,3,471,1.000000
lockfree,3,472,0.000000
lockfree,3,473,0.000000
lockfree,3,474,0.000000
lockfree,3,475,1.000000
lockfree,3,476,0.000000
lockfree,3,477,0.000000
lockfree,3,478,0.000000
lockfree,3,479,1.000000
lockfree,3,480,0.000000
lockfree,3,481,0.000000
lockfree,3,482,0.000000
lockfree,3,483,0.000000
lockfree,3,484,1.000000
lockfree,3,485,0.000000
lockfree,3,486,1.000000
lockfree,3,487,0.000000
lockfree,3,488,1.000000
lockfree,3,489,0.000000
lockfree,3,490,1.000000
lockfree,3,491,0.000000
lockfree,3,492,0.000000
lockfree,3,493,0.000000
lockfree,3,494,0.000000
lockfree,3,495,1.000000
lockfree,3,496,0.000000
lockfree,3,497,0.000000
lockfree,3,498,1.000000
lockfree,3,499,0.000000
